filename,with_mask,without_mask
augmented_image_299_jpg.rf.rksJrQI3UIlfOSQmlDpP.jpg,1,0
292_jpg.rf.jKYPgCkIbWc2yU8FClqJ.jpg,0,1
276-with-mask_jpg.rf.r4ZH2Dfi5RV5GEG1uDuy.jpg,1,0
421_jpg.rf.rkTERreIW90HSIAz6nxi.jpg,0,1
augmented_image_54_jpg.rf.jM4kLdQ1Qiih8VsmZnS3.jpg,1,0
274-with-mask_jpg.rf.jUClJxxJZ9ugCzV5OE7i.jpg,1,0
augmented_image_252_jpg.rf.rmL0CAojQAro4A8QKKH8.jpg,1,0
augmented_image_260_jpg.rf.jEp1d4wYOPwxguFou1GC.jpg,0,1
102_jpg.rf.s8cxfW2B7oji26Pr9YdV.jpg,0,1
augmented_image_98_jpg.rf.r3eJocBFwFS7sc1lLWCL.jpg,0,1
278-with-mask_jpg.rf.sZCRk6kFFMobVNVE597P.jpg,1,0
augmented_image_43_jpg.rf.jQXwc1OmdRY7uhppnDPd.jpg,0,1
2_jpg.rf.ro7wuIW9U6AWFPNWmKVu.jpg,0,1
augmented_image_21_jpg.rf.jUei9BBNEKv3tQGOlrcf.jpg,1,0
426_jpg.rf.vLYuieBvbpc4C57pD2xe.jpg,0,1
335_jpg.rf.jYFxFH3e9F5ioT5ODMP3.jpg,0,1
84-with-mask_jpg.rf.npvVDJg2eA087Fbhn2jb.jpg,1,0
311_jpg.rf.sbNX7abZdY1yeiWzdL26.jpg,0,1
augmented_image_273_jpg.rf.vp2tRYLhzdMiwFt6p6i5.jpg,1,0
212-with-mask_jpg.rf.sDCu6uA0xYuDj9X8wZQv.jpg,1,0
augmented_image_307_jpg.rf.jcPIgr8OoL243i31w79k.jpg,0,1
augmented_image_218_jpg.rf.nkLN9PtewI8aoAdBeQfq.jpg,1,0
143_jpg.rf.sjp3wTiBVXH0k87QBQkE.jpg,0,1
augmented_image_236_jpg.rf.vub8VNj4FytACUyTQd7E.jpg,1,0
322_jpg.rf.syiMNB6iesIGhrNxfJRJ.jpg,0,1
480_jpg.rf.jxwPErwa3PyplD09fwNq.jpg,0,1
25-with-mask_jpg.rf.sTIHYtQfKuLo4hgPngNa.jpg,1,0
21-with-mask_jpg.rf.jRLReT8iyYo89ap6Sdxp.jpg,1,0
290-with-mask_jpg.rf.k2AD1Vmxbw9RAsh1W2RV.jpg,1,0
augmented_image_297_jpg.rf.w0kqPP0J73Fzad04S3kE.jpg,0,1
374_jpg.rf.sTLP3lxTYvGvg64qjQa8.jpg,0,1
286-with-mask_jpg.rf.nLa3mmEktt2sWdC2gWlf.jpg,1,0
augmented_image_67_jpg.rf.wIEu3jBDfjHfmNtwdESY.jpg,1,0
augmented_image_178_jpg.rf.uKd9KPQviXLrGNGpnxzk.jpg,1,0
augmented_image_289_jpg.rf.scBSKI318nnbkvF9pmHW.jpg,1,0
281-with-mask_jpg.rf.sIoLOkkbB32MXfFVdVdJ.jpg,1,0
435_jpg.rf.kP0203KJ2RRwB4WDvTbO.jpg,0,1
augmented_image_97_jpg.rf.o1Aiq502xjp9hmP08iEp.jpg,1,0
augmented_image_122_jpg.rf.kRyaDAoU3d243RtnEHnq.jpg,1,0
256-with-mask_jpg.rf.sgQ7mwTGrj8cLe1LSM74.jpg,1,0
255_jpg.rf.uAui538IcVy7vVRvih6q.jpg,0,1
47-with-mask_jpg.rf.k9zopiMrigzxWG5xgCDv.jpg,1,0
412_jpg.rf.t0HQa56MBE4r5kLD9Voa.jpg,0,1
133_jpg.rf.tRRyElFCfXrQNKOUPrsI.jpg,0,1
218-with-mask_jpg.rf.kRXUyonp5JbsVbqgQvv0.jpg,1,0
90_jpg.rf.soS0FaFsYzI7GsWqlVeq.jpg,0,1
333-with-mask_jpg.rf.uVwWRSky5Y0GIZOOqT0O.jpg,1,0
97-with-mask_jpg.rf.tYsYHg0SgvFalq05HwC5.jpg,1,0
418-with-mask_jpg.rf.lPrX1HCMLiL4t5leGbnU.jpg,1,0
267-with-mask_jpg.rf.sVaUh2q5Qmbne1Iwro6p.jpg,1,0
augmented_image_222_jpg.rf.sXOHSVosJsr2FFKSBvkb.jpg,0,1
38-with-mask_jpg.rf.u7dyEUV8ioNvHPzbW5sP.jpg,1,0
162-with-mask_jpg.rf.tqEAMiu0e7rb55B9KFTm.jpg,1,0
augmented_image_19_jpg.rf.tJhg8CITNADIvwq0cQ5m.jpg,1,0
augmented_image_227_jpg.rf.uquXUU1tRjlPWZXORlsu.jpg,0,1
328_jpg.rf.uO6BIKRnGkB8fXTcF03d.jpg,0,1
augmented_image_211_jpg.rf.lkrTi0yTeIiX4y49xozI.jpg,0,1
augmented_image_176_jpg.rf.lnHM9JGgAFBtJP6RLqNO.jpg,1,0
augmented_image_234_jpg.rf.txu0VlwvlVsb8XWPbOQP.jpg,0,1
augmented_image_280_jpg.rf.vAFtPVi13Xy7yNfJbWAc.jpg,1,0
augmented_image_54_jpg.rf.v5kp6zRa5jt3OW78gjXK.jpg,0,1
203_jpg.rf.tbh0OZj08L328nyfe7tH.jpg,0,1
123_jpg.rf.uSW93ytpdKSDmksaP9c7.jpg,0,1
14_jpg.rf.uBs9tcmVXk90WIRGlrao.jpg,0,1
460_jpg.rf.uTGeCYYdha25ShToczYB.jpg,0,1
augmented_image_34_jpg.rf.uwcvYun9u1izrLjMyM3f.jpg,1,0
augmented_image_303_jpg.rf.mF2O3g8vsx0QIu3oe9Uk.jpg,0,1
103-with-mask_jpg.rf.utlt5dvAeCawpTRzq4DW.jpg,1,0
augmented_image_83_jpg.rf.mRND5wyh4lzLHzAXz7F9.jpg,0,1
augmented_image_12_jpg.rf.vLqO38o9gnharIYWgUb9.jpg,1,0
augmented_image_77_jpg.rf.uf2ixJLwj7J47DDRiy64.jpg,1,0
112_jpg.rf.sgLRUXyYeGYdi7CUUZc3.jpg,0,1
augmented_image_124_jpg.rf.uRt32zVUWAuaeDJEvIOH.jpg,1,0
augmented_image_90_jpg.rf.loAFJQt65Zk7joc3QTMf.jpg,1,0
474-with-mask_jpg.rf.viM1ekxpoYCmN0s6bPtY.jpg,1,0
64-with-mask_jpg.rf.vHsVayw2LLoe1nb1QIKL.jpg,1,0
69_jpg.rf.vGNReDIdBYG8kVizizKe.jpg,0,1
153-with-mask_jpg.rf.vEdpDC3FYDan2Al4NVdl.jpg,1,0
443_jpg.rf.vf01vShpwenN90YBhMuu.jpg,0,1
245-with-mask_jpg.rf.v5VX9LR1K6TIGApNl8yZ.jpg,1,0
226-with-mask_jpg.rf.mp2hmNNAmxTpazPAhGgl.jpg,1,0
35-with-mask_jpg.rf.z5PxyMCNSWdFgJxypJen.jpg,1,0
145_jpg.rf.LnMRxgIYGdw3LoudjxMh.jpg,0,1
278_jpg.rf.yPt4P921tvHnRRL031Ws.jpg,0,1
196_jpg.rf.va5RDexIDlo8lVQgACyf.jpg,0,1
437_jpg.rf.zAxF8tIp1RDs5nSuo2yI.jpg,0,1
augmented_image_216_jpg.rf.LtjmibnCCCTp7DJqTH6O.jpg,1,0
89_jpg.rf.yKDlMZlgZrZW8WpjAuii.jpg,0,1
augmented_image_159_jpg.rf.uZi4fRL3t8K276UnLIcr.jpg,1,0
augmented_image_211_jpg.rf.yPhcv7AUVUzl1Cd2XzYD.jpg,1,0
174_jpg.rf.yS2gfkNP0cCusw4JoO5I.jpg,0,1
319-with-mask_jpg.rf.MHJlQNW0hOmYmu4c3Fv1.jpg,1,0
0_jpg.rf.mRRGTKr9SaGBmrpCP8G5.jpg,0,1
244-with-mask_jpg.rf.vSPHOv4npC1MAYIOdfWI.jpg,1,0
augmented_image_88_jpg.rf.n4VZOX5cokBv8rl5wmJ2.jpg,1,0
augmented_image_312_jpg.rf.yvfbln4EpcYuHaV6Mner.jpg,0,1
augmented_image_98_jpg.rf.z0f1RbXhkZXeXfR2bCUc.jpg,1,0
331_jpg.rf.nKR5ZsTA5SCjD2rc330W.jpg,0,1
augmented_image_163_jpg.rf.vgVfiAV65OK9oKWUk4RA.jpg,0,1
108-with-mask_jpg.rf.zFLClaau1TVCDvtHatdu.jpg,1,0
345-with-mask_jpg.rf.zNYnX0Jw84zH7fvMFdSL.jpg,1,0
226_jpg.rf.zW2CD4BXkJJIV39UFxCd.jpg,0,1
augmented_image_199_jpg.rf.ybdjD9hgDOFj3IwJQ6FB.jpg,1,0
70_jpg.rf.yZju0KAWh4KByizNOZSG.jpg,0,1
184_jpg.rf.z6OJh4g0tCK4ijZmaVVh.jpg,0,1
augmented_image_140_jpg.rf.zd1Na9o7y6249zMPVETK.jpg,0,1
46-with-mask_jpg.rf.vyEn8R5hf7uBDLNaCtPy.jpg,1,0
83-with-mask_jpg.rf.zJ33BGu6qksvaL7XQ2WE.jpg,1,0
122_jpg.rf.pe7B43kg5Pi8S3c2fXNV.jpg,0,1
378-with-mask_jpg.rf.zeMqjCqsTUGuQtbMBEbT.jpg,1,0
augmented_image_16_jpg.rf.KLSymIbrdixRLfAW8mLS.jpg,1,0
383_jpg.rf.yjyuc54wbcWblR6nbOx9.jpg,0,1
440-with-mask_jpg.rf.MJiNfq4znWaR6Mu5L8zO.jpg,1,0
260_jpg.rf.pSIeDUzkuIBjoLgFj6lC.jpg,0,1
augmented_image_285_jpg.rf.qmBN45cDD7OEZm8rKTQj.jpg,1,0
augmented_image_164_jpg.rf.MgMqf51e7wkaA4itXIrn.jpg,0,1
augmented_image_50_jpg.rf.zu3jSgIhtmM8uEVepQrX.jpg,1,0
163-with-mask_jpg.rf.pBFXhwbdm9uHWic0TAub.jpg,1,0
augmented_image_126_jpg.rf.pfhm5TwxqPHbBf9FQ5ZP.jpg,0,1
augmented_image_17_jpg.rf.p5eAarDss5Pn88z0hTpc.jpg,0,1
augmented_image_122_jpg.rf.p4JaRk5ul9N5k6RqXHLz.jpg,0,1
augmented_image_187_jpg.rf.MfXDoiycWz9b4SVnAM7Q.jpg,1,0
augmented_image_156_jpg.rf.KdUCdfrAUH6aJXZ1CIZV.jpg,1,0
augmented_image_241_jpg.rf.zoXks6LBz8CPmGLQt9pD.jpg,0,1
263_jpg.rf.zlAcsHlxmeT8ytLrT3Dm.jpg,0,1
91_jpg.rf.zOnpWSXUlQ8esTkUygSz.jpg,0,1
455_jpg.rf.zg9RPGOsnll3qhQ8g74Y.jpg,0,1
299-with-mask_jpg.rf.5ZyN5eYBQ9dvWr38aKgV.jpg,1,0
119_jpg.rf.zespdKkj11THuKRRKEFl.jpg,0,1
62-with-mask_jpg.rf.5Zq591gsPxRgvI4qaBjd.jpg,1,0
augmented_image_109_jpg.rf.pNkhaSssCJxvVrrPn5qp.jpg,1,0
188_jpg.rf.N9GMa8ZVFlXuKqx1gGNl.jpg,0,1
augmented_image_39_jpg.rf.zsRdx5pJ9WGX7NfIDDJ6.jpg,1,0
317_jpg.rf.zYqTG8uOBPlkyDQ7IUS0.jpg,0,1
131-with-mask_jpg.rf.zy6C2cfCLJir6OIAI5Jq.jpg,1,0
46_jpg.rf.pmJnolfcwdrwY6O3By2z.jpg,0,1
augmented_image_160_jpg.rf.NJr1LQu3Ep6wvSwhVOAW.jpg,0,1
194_jpg.rf.MfZSRh8Gw69wE5Efls84.jpg,0,1
augmented_image_316_jpg.rf.Kepxqr9Iiy8EVamNbwuK.jpg,0,1
23-with-mask_jpg.rf.qKVXy01hulv22uNtWkvz.jpg,1,0
313-with-mask_jpg.rf.JI5Q4SfhBumaBtuwLUZA.jpg,1,0
458_jpg.rf.pjbSwnAH1PkFaV2DmkKH.jpg,0,1
118_jpg.rf.qiOQAyhllKx2O0xEvpYL.jpg,0,1
220_jpg.rf.L556RjVJNKBvoCrjLa60.jpg,0,1
augmented_image_311_jpg.rf.z5zvXEQNxxKEYjEsBQML.jpg,1,0
augmented_image_46_jpg.rf.5w07P5XWKDwyQoqrFrke.jpg,1,0
366-with-mask_jpg.rf.NNEBtynUE9wmGkxbbF45.jpg,1,0
308_jpg.rf.p1WXgAjBsgONx9LOuD0t.jpg,0,1
augmented_image_171_jpg.rf.NMPiD252ADN3yrCc7Pr9.jpg,0,1
410_jpg.rf.qnRoREFqYMxZFBS9aDN8.jpg,0,1
302-with-mask_jpg.rf.qgtmEEJpoYdUunyPuLxc.jpg,1,0
241_jpg.rf.r2EFABcGmfOZ5gMf6dVH.jpg,0,1
augmented_image_158_jpg.rf.JN3VYMU2UyLM5i4u8Zwx.jpg,1,0
augmented_image_76_jpg.rf.zWXkJOECpDGxhzRg0ZqO.jpg,0,1
30-with-mask_jpg.rf.qhAsph5jxZlKkRBbZfvM.jpg,1,0
augmented_image_208_jpg.rf.KjV9y6mDtsuLVoM9VNQV.jpg,1,0
280_jpg.rf.LyJdL4GFNvx8iADwdrYT.jpg,0,1
37-with-mask_jpg.rf.qZwVklFl821Q6IYRoEeD.jpg,1,0
338-with-mask_jpg.rf.KZmudNcsA1efWZNzwfoW.jpg,1,0
285_jpg.rf.qpfRQgymMK6LNRdANeXT.jpg,0,1
222-with-mask_jpg.rf.NQt0E1JAAyoBxz2zdY5j.jpg,1,0
augmented_image_174_jpg.rf.NSHGIZZBaNs29PqRo06i.jpg,1,0
27_jpg.rf.r4kpUsRzfSq5xAnGcjzh.jpg,0,1
augmented_image_1_jpg.rf.ru7f18uZWLNf78OXsZl2.jpg,0,1
augmented_image_181_jpg.rf.r8Ou4MDWA1ChOnCRuHx2.jpg,1,0
476_jpg.rf.qqEBi5nfa9UVe3gKJxPA.jpg,0,1
augmented_image_38_jpg.rf.rQRsQVHng4EjEVCdClMS.jpg,0,1
9_jpg.rf.LCz3brTc7ncPNLV7BQ0O.jpg,0,1
augmented_image_112_jpg.rf.NVn4ESxsR6koMLVjlExi.jpg,1,0
254-with-mask_jpg.rf.6Yr5yvUfNa3AEuIZ3pcc.jpg,1,0
97_jpg.rf.LuxzVc6Jg4YMhQmvQXxb.jpg,0,1
augmented_image_258_jpg.rf.rl4SCOnPjRbxsT5USCHd.jpg,0,1
227-with-mask_jpg.rf.6KXqomD4IfwD4uFVIPVB.jpg,1,0
329_jpg.rf.fEnA30wEexyjZp2bU1On.jpg,0,1
augmented_image_196_jpg.rf.rOBjyZTvaWAfp6pM9a6W.jpg,0,1
247_jpg.rf.LJvw6e7JFjfpP692rp6S.jpg,0,1
augmented_image_225_jpg.rf.6EzQJT8HDC7OvpBUaDm9.jpg,0,1
augmented_image_256_jpg.rf.LHt8DQzM3xyxPaZOWRKD.jpg,1,0
augmented_image_249_jpg.rf.fFB86JafUXcJjq7PPNxq.jpg,0,1
211_jpg.rf.NkrN384BXmHZhzVXRkta.jpg,0,1
149_jpg.rf.6TqwNsKatwZ8Ko83o6lg.jpg,0,1
435-with-mask_jpg.rf.rvNxZ70GJYYRnjhVdGHV.jpg,1,0
augmented_image_132_jpg.rf.M7oLvP2PS9vKVd3DfjZo.jpg,1,0
augmented_image_37_jpg.rf.75IRc4IHmeLr6Kf3GDMf.jpg,0,1
79-with-mask_jpg.rf.fS708zpzepX9Bb3eM2By.jpg,1,0
augmented_image_147_jpg.rf.Lu2YGPhk4yqOfcmBETHG.jpg,0,1
237_jpg.rf.NpJ1pESx1wLYwyybQLYj.jpg,0,1
170_jpg.rf.6ZT5mg5754x1SX6dcnRh.jpg,0,1
362-with-mask_jpg.rf.6aQ6E8RRle7WP4z5wUUt.jpg,1,0
455-with-mask_jpg.rf.rPucGwkECVTdc74ZcHMI.jpg,1,0
augmented_image_162_jpg.rf.fxvmtF5e9zMmM6qXpjKO.jpg,1,0
augmented_image_45_jpg.rf.fFllutj3Xq5p9mFRnQYe.jpg,0,1
374-with-mask_jpg.rf.7EQvieGWer9E8Dyr6FVi.jpg,1,0
augmented_image_161_jpg.rf.7LRqu9klfPmlTtIVYh0T.jpg,0,1
270-with-mask_jpg.rf.grB1ECs4aTfvQQIxxtKS.jpg,1,0
augmented_image_90_jpg.rf.gAByhMepBOz2Vt2haP0T.jpg,0,1
388_jpg.rf.75q4gS6B6V7AHyOfhEEX.jpg,0,1
augmented_image_152_jpg.rf.7LWhZ9FW1sarf3ywQFEH.jpg,1,0
160-with-mask_jpg.rf.VZRtEU6aEbw5x8uilsK5.jpg,1,0
augmented_image_256_jpg.rf.fXVwysudVB7M7w022A7l.jpg,0,1
291-with-mask_jpg.rf.fnVWE9u41UnNyL1FSPVo.jpg,1,0
pra1_jpg.rf.JU39VReNNJUS3bzBt8qn.jpg,1,0
294_jpg.rf.JhS2p0qzsJJVt6O6qMpR.jpg,0,1
251-with-mask_jpg.rf.Lm4hu7FIZ6s0WrcaWE4H.jpg,1,0
augmented_image_67_jpg.rf.JYEc8mvnOKkk7btkS9TF.jpg,0,1
67_jpg.rf.JSSkKHtAboi0iROsF4CS.jpg,0,1
4_jpg.rf.fSYXRgDiFJSJcGVWaaJd.jpg,0,1
316_jpg.rf.h0WBT5vVVDVHCpHu0jcZ.jpg,0,1
augmented_image_232_jpg.rf.7wJkA0bMUdvFcSyoBBHf.jpg,0,1
augmented_image_135_jpg.rf.GqsJtgVRw62fEInx32pG.jpg,1,0
381-with-mask_jpg.rf.Gu4X2ejUx73sKSTQBVTu.jpg,1,0
461-with-mask_jpg.rf.MtYvJkwvFVawPL0HHKLs.jpg,1,0
168_jpg.rf.JXL9IqIbdtzAU10xrld1.jpg,0,1
augmented_image_32_jpg.rf.fcKG7dMEFHG777Ozf5BR.jpg,0,1
446-with-mask_jpg.rf.M4U3yBVL24T4L1FE1xFt.jpg,1,0
478_jpg.rf.gCfEDJXLpvRX8oo5DQkm.jpg,0,1
365_jpg.rf.Jm7mbd8BuTYTvsJFcPTt.jpg,0,1
augmented_image_175_jpg.rf.qyhMeIMQ4KJ0zfbUviFx.jpg,1,0
242_jpg.rf.NwMYsJP3EwuigXw2k7pJ.jpg,0,1
308-with-mask_jpg.rf.hXXwGCEwyiT1SQ0NvNsz.jpg,1,0
283-with-mask_jpg.rf.Gx6fDIAmRY77FGHvf5Xv.jpg,1,0
368_jpg.rf.h408a0Rmx38wdAtZfSsW.jpg,0,1
59-with-mask_jpg.rf.7BCMeRzg2ysRSNddj7Nw.jpg,1,0
100_jpg.rf.JP43vwCkdQkckSH3z6hh.jpg,0,1
215-with-mask_jpg.rf.JnxaXS4wsQBtodaFhADD.jpg,1,0
195_jpg.rf.hPNMmQa8JHgGaRFslo2r.jpg,0,1
211-with-mask_jpg.rf.H5tRlNiEAgkz1AMyQwJP.jpg,1,0
40_jpg.rf.80y3lhD5fyMW3CQUMuim.jpg,0,1
181-with-mask_jpg.rf.H3fZu3KigFrglDORGOTO.jpg,1,0
augmented_image_220_jpg.rf.HazVsvmC2QWurVowadM5.jpg,1,0
augmented_image_222_jpg.rf.hayLdqJjh7JiTlIKL6K8.jpg,1,0
augmented_image_187_jpg.rf.7sCihCPeA70FQRA3rB8c.jpg,0,1
augmented_image_112_jpg.rf.8VLysihT9GjaM1GHHEqt.jpg,0,1
204_jpg.rf.8Dm7hLgN929N4fADn2QB.jpg,0,1
260-with-mask_jpg.rf.h8kYSxJ83V6KZmu98JDq.jpg,1,0
augmented_image_25_jpg.rf.8FxGF3ZK33hBTz36jGhI.jpg,0,1
augmented_image_287_jpg.rf.agU6hhBY9sfBUufmBmIm.jpg,1,0
augmented_image_154_jpg.rf.916bsy2yY9H4pRVTRHD2.jpg,1,0
augmented_image_168_jpg.rf.8u9Ro1dvOQkd5yUZHVTb.jpg,0,1
augmented_image_251_jpg.rf.Nzmb6nq7220HweuLxqFi.jpg,0,1
augmented_image_253_jpg.rf.HWMWPFjnAfGlAEctYL1j.jpg,0,1
273-with-mask_jpg.rf.H6GT3oiNgTelep1936vx.jpg,1,0
120-with-mask_jpg.rf.h1CwrK4XMBp3uUu2dmAV.jpg,1,0
338_jpg.rf.h6waI7dQqVseWwgF9uuw.jpg,0,1
augmented_image_117_jpg.rf.iZIub3JV0yAFpcCW0O3Z.jpg,0,1
augmented_image_265_jpg.rf.fpdYoYfXEmYWkBRfJogV.jpg,0,1
54_jpg.rf.8tz1nP1p1RtucA6nl068.jpg,0,1
56_jpg.rf.iOXrZMkXKVaGLwqfNXNm.jpg,0,1
augmented_image_62_jpg.rf.b5RWyP0cx54xD1QEBkgH.jpg,1,0
augmented_image_190_jpg.rf.WPQH2jNro0Ld7XN1ocSh.jpg,1,0
augmented_image_197_jpg.rf.bEDzsUm0BgL3Mdj2a4PG.jpg,0,1
augmented_image_51_jpg.rf.85RFDQgQmjc63JVws37r.jpg,0,1
318-with-mask_jpg.rf.VwciJ3QFAI4uEKBTsHNc.jpg,1,0
augmented_image_308_jpg.rf.averKwzAsf8YXa7cvtvn.jpg,1,0
244_jpg.rf.iUa9JKPw4wieHWX6TQlM.jpg,0,1
augmented_image_5_jpg.rf.WWfq1PM43SD2yS3YQJgg.jpg,0,1
291_jpg.rf.qyTs6Fe8ebFvk87XHCoA.jpg,0,1
augmented_image_89_jpg.rf.HbKmgQYxTyw2IXA6W9y8.jpg,0,1
61-with-mask_jpg.rf.WoRARktrHyFvQi48h3Gp.jpg,1,0
7_jpg.rf.ONg6N8VWrZzjTwEJO1FF.jpg,0,1
259_jpg.rf.c5zhks14iVC3yU7g2aNw.jpg,0,1
augmented_image_57_jpg.rf.4lDhsR9yRh9tU2j8nOvf.jpg,0,1
43-with-mask_jpg.rf.HEMAKsoz7ps4VW9FHqSj.jpg,1,0
augmented_image_39_jpg.rf.bVy390cEGBkxKtJrtcYo.jpg,0,1
augmented_image_16_jpg.rf.Jq2UOVnmnxkJwjKHWiAY.jpg,0,1
174-with-mask_jpg.rf.bIThHjhLg6AjWyiiPDbZ.jpg,1,0
augmented_image_69_jpg.rf.hyysngPiJVejvR8E1Fh2.jpg,0,1
166_jpg.rf.i7Tob9cjYcexN2VFdacy.jpg,0,1
augmented_image_51_jpg.rf.hOkyenHgd2P66Qu1H7j6.jpg,1,0
augmented_image_284_jpg.rf.hvgpLhgiyv3hY0aAdznk.jpg,0,1
augmented_image_238_jpg.rf.I11g9ek5zJ7IsFWUOf54.jpg,1,0
74-with-mask_jpg.rf.I8JPbegoC7thgGejnl7p.jpg,1,0
augmented_image_65_jpg.rf.4jyozNc9TpcOD4aZGKR3.jpg,1,0
augmented_image_100_jpg.rf.Hh1n6nnIRAx02d2lS9y6.jpg,1,0
446_jpg.rf.NtDLEbYPHWzyOOnJXchs.jpg,0,1
379-with-mask_jpg.rf.O4BMwIW0Pqcf2FFDjjze.jpg,1,0
325_jpg.rf.521bOu1gEdvxWd8iVucr.jpg,0,1
augmented_image_81_jpg.rf.5QEa8IztMtqdQWpJIsTs.jpg,1,0
29_jpg.rf.OqU2Y7Zcq0uJ66ZY1yCv.jpg,0,1
180-with-mask_jpg.rf.fiFtnIXbMIyZGAvnCL1A.jpg,1,0
augmented_image_135_jpg.rf.bwoAZtVAgptt8PK3VAeM.jpg,0,1
414-with-mask_jpg.rf.HpN2m0w7E2wrNvbn5faL.jpg,1,0
169_jpg.rf.bWSIdpG6LCq2hLylIMpm.jpg,0,1
424_jpg.rf.HtVump3qcYARjlaT9zfr.jpg,0,1
augmented_image_97_jpg.rf.IDk0lORbNzEA1jTGTAIQ.jpg,0,1
augmented_image_68_jpg.rf.IMm06U8FEH9k3Z3aoHdb.jpg,1,0
451-with-mask_jpg.rf.KArCFOALtbZVj0EJG6df.jpg,1,0
377-with-mask_jpg.rf.IWDS2RcPSI8yRStLMUhX.jpg,1,0
augmented_image_72_jpg.rf.ICTqbp4sdeniMVUJ5GJP.jpg,1,0
augmented_image_80_jpg.rf.P7SZRO12DfZ4P7UUitIx.jpg,1,0
augmented_image_235_jpg.rf.cU1soRMh9bsXCt4pmXlX.jpg,1,0
403_jpg.rf.XnSNhU8ga5hVPrExWhWF.jpg,0,1
109_jpg.rf.IZwBoOdNptP6S727acyE.jpg,0,1
413_jpg.rf.QLJentI06BNIGgg87Yw5.jpg,0,1
augmented_image_179_jpg.rf.cVa8yiyNdabrIYWDu0xp.jpg,1,0
augmented_image_49_jpg.rf.HbK60ySEiZT8ggV0hqsf.jpg,1,0
augmented_image_244_jpg.rf.cJk6GlrbwmHf4DJhHWtc.jpg,0,1
3_jpg.rf.IcH1uWzdcxDVIT1i5OwT.jpg,0,1
279-with-mask_jpg.rf.d6y9aTreHermo9eUBT0f.jpg,1,0
277-with-mask_jpg.rf.Xge1DEmOod9i6vuiFohm.jpg,1,0
augmented_image_207_jpg.rf.dYWTnGmdtYqPQ8xWj6jF.jpg,1,0
251_jpg.rf.XKusY9hL9SfNjAiEYBtx.jpg,0,1
augmented_image_209_jpg.rf.IkYHX9AxTUPfxW6PYvXe.jpg,1,0
augmented_image_184_jpg.rf.OyriH5UBVeNjriv2jAEa.jpg,0,1
390_jpg.rf.IEjdFTxG41qdpnpGGzTN.jpg,0,1
248_jpg.rf.Q9Y9gtY4gvo6cPnlgNaj.jpg,0,1
386-with-mask_jpg.rf.Im1UNwJPBDF2XThAdDIK.jpg,1,0
77_jpg.rf.QjJijaQz5NHyb6CxQo5E.jpg,0,1
253-with-mask_jpg.rf.Ig7barwpcapshh3ZaMjB.jpg,1,0
243-with-mask_jpg.rf.eQ2qVsSFUCrzO387BtMe.jpg,1,0
217-with-mask_jpg.rf.K8slUVr2S0i7F0JT0nlS.jpg,1,0
238-with-mask_jpg.rf.df1fqnejtI8iCNzPTXTO.jpg,1,0
92_jpg.rf.OwsulwnaBuEP5JAVKpiC.jpg,0,1
353_jpg.rf.dRW3RYttdE7AE73VoGkE.jpg,0,1
376-with-mask_jpg.rf.dvcjQxgntzqwic3DZfPM.jpg,1,0
341_jpg.rf.IZ71xaCWPM9EFErQj4bx.jpg,0,1
155_jpg.rf.drpvXuXxnIeSFnBzRk9m.jpg,0,1
436_jpg.rf.SyGFW7TrELjJUuvooF3W.jpg,0,1
272-with-mask_jpg.rf.5SzAbCH8gcYWYUXZM0nF.jpg,1,0
397-with-mask_jpg.rf.SZcyQ0mQzmUjgzi17nLI.jpg,1,0
augmented_image_120_jpg.rf.cJzFVYMdbrYNgOWsocQ5.jpg,1,0
391_jpg.rf.Rjw5EEcaZW17GT9iyiJG.jpg,0,1
213_jpg.rf.eAK11Va7PJ8WFS08Xbnm.jpg,0,1
429-with-mask_jpg.rf.SmPMMe5euvoIKAnywAiA.jpg,1,0
augmented_image_120_jpg.rf.ObG82BcUvSUpMS3CqG1i.jpg,0,1
augmented_image_40_jpg.rf.Tam7jfqVxPXaPxE2YL5v.jpg,0,1
431-with-mask_jpg.rf.Xxf1epJZGskMvBAnbmFz.jpg,1,0
240_jpg.rf.OkYSEbPePtqBsVADL3Nk.jpg,0,1
augmented_image_146_jpg.rf.epZyPrU48hJ1smhyRDOL.jpg,1,0
144-with-mask_jpg.rf.QoU0eYf4N1dRzi7Uyai2.jpg,1,0
augmented_image_205_jpg.rf.TB27EDkGteJcJwto5bN6.jpg,1,0
augmented_image_129_jpg.rf.dMsBRL6K3QHcWCK435KT.jpg,1,0
65_jpg.rf.94Pr6nYr0a4DT9XhnDL5.jpg,0,1
augmented_image_177_jpg.rf.cGVkSMAq5zZualVUJVpB.jpg,0,1
230_jpg.rf.9ZEU8vDM0lBxnabyPa4S.jpg,0,1
414_jpg.rf.eskXnJJsuk9jg4I6klQR.jpg,0,1
7-with-mask_jpg.rf.SXdmbs5PzzoJ3CIQNpCs.jpg,1,0
249_jpg.rf.d3LeNkx8Aq3vXy3jDvZw.jpg,0,1
191_jpg.rf.dzLqJSD2C2fgrY1WvPku.jpg,0,1
augmented_image_266_jpg.rf.eV4sD2uPK5Fu1sE0wgqZ.jpg,1,0
395_jpg.rf.eloHDWGFIBCeRALCIcGV.jpg,0,1
augmented_image_258_jpg.rf.YtN6d76MPrODyPS5RxQD.jpg,1,0
156-with-mask_jpg.rf.8WoMhkLUxfU8hIkQsG0g.jpg,1,0
augmented_image_114_jpg.rf.RDvNIScRcAwRqOzeQ4Be.jpg,1,0
306-with-mask_jpg.rf.9bX05Is59Khzf2dcrS7X.jpg,1,0
301_jpg.rf.Ti1rPNnJKJteC6EX6K17.jpg,0,1
augmented_image_243_jpg.rf.88FPZpXiyCI2lbz2GCHT.jpg,1,0
32-with-mask_jpg.rf.ToILEKkG0XnnNqeUUQ6W.jpg,1,0
augmented_image_44_jpg.rf.YyVSfNuy3wo0O8sOnvi5.jpg,0,1
augmented_image_305_jpg.rf.YWCtxHgmAC9vUQG7h7cN.jpg,1,0
475_jpg.rf.TRFv7hrWafpClrUc6v2c.jpg,0,1
454_jpg.rf.egZh8SG5D8VD6Ku9suyr.jpg,0,1
augmented_image_288_jpg.rf.P0WLpmwEm0zx4WcJ6n3d.jpg,1,0
79_jpg.rf.5uvOk8DSOkF5CdyDJNJU.jpg,0,1
224-with-mask_jpg.rf.9mP92S5wGuknftbjCe91.jpg,1,0
231-with-mask_jpg.rf.cfg1o9tHfTcmTeqHQo03.jpg,1,0
augmented_image_178_jpg.rf.9M2NwPGOK4F74x8fLSJP.jpg,0,1
augmented_image_64_jpg.rf.f1MYiuP7oF0sgp45tGGS.jpg,0,1
augmented_image_228_jpg.rf.Iwyw4BnlYu1DNS64mfN6.jpg,1,0
augmented_image_82_jpg.rf.K2FxjHTHhu74jdV7xFrJ.jpg,1,0
50_jpg.rf.e3OaznCM55Kn2GT503TC.jpg,0,1
221-with-mask_jpg.rf.ATQvIwSITviypvpDT89h.jpg,1,0
augmented_image_139_jpg.rf.W5uLk1W8oNDoqVoGrbPT.jpg,0,1
augmented_image_195_jpg.rf.ZBLqQyhUI3PNv3N0T2jV.jpg,1,0
348-with-mask_jpg.rf.ACAveXBZHGmMrg1hPMFl.jpg,1,0
augmented_image_66_jpg.rf.62b9l05IYrh3LXBvfKXD.jpg,1,0
234_jpg.rf.9CXnfQL0t0NpGBKQHd58.jpg,0,1
augmented_image_277_jpg.rf.ZFGuLRE22DZwV7szBqqF.jpg,1,0
111-with-mask_jpg.rf.6cyc6n8BSf9ZGlYPmorG.jpg,1,0
123-with-mask_jpg.rf.VCx4tDE3uB7f5jKEoxkS.jpg,1,0
137-with-mask_jpg.rf.9mvjsV1f3Ircx2eRkeai.jpg,1,0
91-with-mask_jpg.rf.9WMO8VXs4pIJxAInudEG.jpg,1,0
231_jpg.rf.YCyTSDBcArU1r7oMSUkC.jpg,0,1
augmented_image_264_jpg.rf.649tmCaRen4f0CCHEZT7.jpg,1,0
augmented_image_101_jpg.rf.IhcLkiD53c44luFDrma3.jpg,1,0
augmented_image_224_jpg.rf.69ym7jvBsjb8OOpao5U7.jpg,0,1
augmented_image_295_jpg.rf.9ih7AYIfnnkIoeZRf9lP.jpg,1,0
augmented_image_160_jpg.rf.9RvmehqqoCXUZi2TdAIw.jpg,1,0
393_jpg.rf.AIlj9xyHwHe3WHuahflF.jpg,0,1
augmented_image_86_jpg.rf.9Xu4HCXlkj2f27YWxz1p.jpg,0,1
augmented_image_70_jpg.rf.UPvaysR4qxKWy7H9mX7j.jpg,1,0
augmented_image_47_jpg.rf.cB17Ln3l2hjrTl3hVb8u.jpg,1,0
augmented_image_125_jpg.rf.ABMreuaMIESEMSIlFaNk.jpg,0,1
344_jpg.rf.IxB6fE8WnNeHktn9evNU.jpg,0,1
476-with-mask_jpg.rf.Z1LUwvWCzl7Ear0990Ih.jpg,1,0
417_jpg.rf.fAVuSPVBOoOkkPANyuYx.jpg,0,1
138_jpg.rf.UwXpILVgP964Hk8GxDJP.jpg,0,1
augmented_image_108_jpg.rf.6FJpAb2k3VRizEyjk9L1.jpg,1,0
224_jpg.rf.9LgVFnxsTb9I4BkwllBh.jpg,0,1
augmented_image_317_jpg.rf.9ZP9aavOIcACWGI3mRLs.jpg,0,1
augmented_image_182_jpg.rf.AfAF2eM6moa65VNt4jWK.jpg,0,1
13-with-mask_jpg.rf.9LNr8w2WXh9prdFBLVqw.jpg,1,0
augmented_image_131_jpg.rf.UJwwEObO4GVgBFAAo15k.jpg,0,1
augmented_image_202_jpg.rf.AfBG4QowPh9lzCULaqgj.jpg,1,0
334-with-mask_jpg.rf.9IRtdpLZ2vJygCZb4Mbn.jpg,1,0
augmented_image_131_jpg.rf.7ZKxiJ3gpyQv8qsE2Cqw.jpg,1,0
430-with-mask_jpg.rf.A1iL6ysRWmIM68hXuTmu.jpg,1,0
augmented_image_83_jpg.rf.6iyMomecE8iVJQW1Ba7c.jpg,1,0
152-with-mask_jpg.rf.W7y0EVnHtdeemu70oZsp.jpg,1,0
206-with-mask_jpg.rf.5xqsZ03wR6YoLsFFLZlb.jpg,1,0
augmented_image_60_jpg.rf.7ipeiaiVuCJDGqTrVBdz.jpg,0,1
372_jpg.rf.KESWsJSgpB26ZYH6YEOl.jpg,0,1
187-with-mask_jpg.rf.ZBZ8tN2iIzfKDKI4hZfz.jpg,1,0
augmented_image_227_jpg.rf.ADIRbcwV6n67tybNYFO2.jpg,1,0
augmented_image_257_jpg.rf.6kuGbLdlYhfp6n8koqCX.jpg,0,1
162_jpg.rf.7fFdAZx6FF0UzINXU8ob.jpg,0,1
358-with-mask_jpg.rf.9M1ngxjeISnscbUxiO2a.jpg,1,0
294-with-mask_jpg.rf.6eliPSgY4xkYCXA0HzDv.jpg,1,0
124_jpg.rf.6WZCkYrZFJgGZlGHVvQn.jpg,0,1
232-with-mask_jpg.rf.7nWZqfxucZRo4rFDjtsP.jpg,1,0
50-with-mask_jpg.rf.7oyFJVDbOJQyYx8z6ij1.jpg,1,0
391-with-mask_jpg.rf.9lk8pYgIcghBiPnwh421.jpg,1,0
242-with-mask_jpg.rf.Vs9KQ4U6n1eZp2S3rOeZ.jpg,1,0
augmented_image_250_jpg.rf.7z8fcNLNFVobyRQPl1F4.jpg,0,1
252_jpg.rf.AlwbrsVucFMSmNSuJSVt.jpg,0,1
315-with-mask_jpg.rf.6q2KSOzCQXcLoxMfiVCp.jpg,1,0
59_jpg.rf.A8YmMuGWc4aQPK49vPK8.jpg,0,1
augmented_image_172_jpg.rf.7iUCgG9zph22ef3m7Q7L.jpg,1,0
141-with-mask_jpg.rf.C79kIFPJXeroKfuhcVxK.jpg,1,0
augmented_image_286_jpg.rf.9401A2Oogg6cEoYnHFvO.jpg,1,0
459-with-mask_jpg.rf.WX3CsHOrO6szHP3rORIx.jpg,1,0
390-with-mask_jpg.rf.8uvjHF0MzduEhjL0a8So.jpg,1,0
133-with-mask_jpg.rf.WHyiaW2jK8SpOaByUU25.jpg,1,0
45_jpg.rf.Bq5SYZVVuGVayX2Rh4UX.jpg,0,1
6-with-mask_jpg.rf.9YZn3eGvxB3dzOBlAv04.jpg,1,0
406_jpg.rf.A4rs3Jl6M4sO0GUDk5lM.jpg,0,1
augmented_image_262_jpg.rf.Aqe5tshmKtxEZahnhOgz.jpg,1,0
334_jpg.rf.ZrwejEauG2kLgWPS38Hz.jpg,0,1
augmented_image_157_jpg.rf.9pG2gdUHcLjbkolvl7UN.jpg,0,1
228-with-mask_jpg.rf.6sI3rgRCmT8t2rJHWNzi.jpg,1,0
461_jpg.rf.WM4pffKN6pS0zkf8r20o.jpg,0,1
250_jpg.rf.BbWEk6QIJAMNbx639LGb.jpg,0,1
157-with-mask_jpg.rf.ZRpjEi4KomFsrNhlrK1z.jpg,1,0
augmented_image_19_jpg.rf.9ElFfeboTkSxUMw0Mtyo.jpg,0,1
augmented_image_155_jpg.rf.WvFbj7GX3fE4sPsiL9TU.jpg,1,0
393-with-mask_jpg.rf.BiFgxU9IWKK7FTxik7qe.jpg,1,0
augmented_image_203_jpg.rf.eIFnw2tiXGDswAcg0I0o.jpg,1,0
augmented_image_43_jpg.rf.8HeAn0Thc8JRnUyyMlM3.jpg,1,0
88-with-mask_jpg.rf.Yoh9vO8lsQFNcvtmQKcD.jpg,1,0
augmented_image_283_jpg.rf.8KrdbtVfr5wHZlBJF8ws.jpg,0,1
prajna_jpg.rf.V2CrveRP9HCAyn9ovJTJ.jpg,1,0
128_jpg.rf.AgdCUSjA5JKmprLNLwDG.jpg,0,1
147-with-mask_jpg.rf.95Ymd7szuPwf2KojZRcN.jpg,1,0
augmented_image_142_jpg.rf.VJ6Bw2WX6ysEwhUK7ec4.jpg,0,1
177_jpg.rf.hu7ktVF59BUPFNieWoIq.jpg,0,1
augmented_image_94_jpg.rf.ARzIPWADcfRtEIuCVDtO.jpg,1,0
163_jpg.rf.A4foQ6fQlcnMOdER9kNI.jpg,0,1
473-with-mask_jpg.rf.e14NvyzdfJpCg8XTiEid.jpg,1,0
132_jpg.rf.ZmsVT8AjSfNbFQNQXM6S.jpg,0,1
178_jpg.rf.WH0Yn8EH5KAROCT8K5jP.jpg,0,1
augmented_image_315_jpg.rf.XxOQ7KJKZYrwRsKcECLc.jpg,1,0
411_jpg.rf.AH9BlR80dM5httHnN3bc.jpg,0,1
augmented_image_56_jpg.rf.BXSzMLo12Kx4dSQymxA3.jpg,1,0
augmented_image_144_jpg.rf.YtZMTRsGbLzYfFEYiKIm.jpg,1,0
404-with-mask_jpg.rf.ABtGhDB6hyKXN5yMM0JC.jpg,1,0
augmented_image_275_jpg.rf.BUcYCTNX3sm2n9pphYMe.jpg,0,1
198-with-mask_jpg.rf.8oBNMLy8dPrBpnE9RnlO.jpg,1,0
augmented_image_265_jpg.rf.WogV8Csh67Jyhyo2g028.jpg,1,0
307_jpg.rf.CGK0NMPDVqsFUyUUPk0J.jpg,0,1
452_jpg.rf.AA0FskCGifcSLdJoGagw.jpg,0,1
42-with-mask_jpg.rf.8XnSzhMj0IqZ4C8uDOP9.jpg,1,0
468_jpg.rf.XcqlEJfU3cmahKaPzsHR.jpg,0,1
augmented_image_41_jpg.rf.WMI3TQTva0EBrdWn8sCN.jpg,0,1
augmented_image_128_jpg.rf.9YjO9YqECMYQpkSPgYiJ.jpg,0,1
464-with-mask_jpg.rf.ZMljgqk17OYgVi0zy1Jy.jpg,1,0
augmented_image_198_jpg.rf.WwDAqGvfAKj2AA5fi5E7.jpg,0,1
460-with-mask_jpg.rf.W5J6Gujq3CNGoo7GW9cw.jpg,1,0
augmented_image_74_jpg.rf.eVYvmw8Nn7FDxWudurO5.jpg,0,1
258_jpg.rf.bG14me0l6OrZjBvPcH9y.jpg,0,1
255-with-mask_jpg.rf.AdwFlaq3FUFugRwSdxyI.jpg,1,0
432_jpg.rf.8hP9LYm77tlmvlgPph9S.jpg,0,1
augmented_image_33_jpg.rf.AoKfe8noIdx4ZGXKrabA.jpg,0,1
263-with-mask_jpg.rf.8UkCKJsjfmwOLNFX5RFm.jpg,1,0
augmented_image_92_jpg.rf.XL0gc8mcar5ves16tqXr.jpg,1,0
augmented_image_82_jpg.rf.YrS0blolkppfDPNVMDoW.jpg,0,1
73_jpg.rf.B2wTw4ZXtDdOYX5oZz4E.jpg,0,1
327-with-mask_jpg.rf.YeOHGwbxPCUh656kgvIh.jpg,1,0
229-with-mask_jpg.rf.B0XZlpbrjhMgByxWpXsh.jpg,1,0
379_jpg.rf.ZNZayNW0ZaUjlhjuQ3W0.jpg,0,1
augmented_image_299_jpg.rf.BYLLFK3zCzb2Rop6EtoO.jpg,0,1
185-with-mask_jpg.rf.ZJRInsOMxYuA5Wc4hXn1.jpg,1,0
augmented_image_11_jpg.rf.BXRLMPHcVxeByTr1AWOG.jpg,1,0
214-with-mask_jpg.rf.ZO3Zy1UOBcToYy0TGLhr.jpg,1,0
augmented_image_17_jpg.rf.AykjP3BZoK2ZZB4Onuvg.jpg,1,0
208_jpg.rf.CTLvFsxaPu1KPzcaRwMu.jpg,0,1
289_jpg.rf.dwz3OMHTUbqxP1XvEEZg.jpg,0,1
augmented_image_5_jpg.rf.YqHJvUPX3gOKNHLKDQwW.jpg,1,0
augmented_image_219_jpg.rf.9I7dssqgqQYB2B3wkAnq.jpg,0,1
101_jpg.rf.8r7e0ncvuMlbb7zhWbzI.jpg,0,1
augmented_image_237_jpg.rf.ZurR8RSZDn4smQuBZ1Vv.jpg,0,1
augmented_image_167_jpg.rf.dr5DBCSe6cweU0DfSpH9.jpg,1,0
42_jpg.rf.ZbRZuKzQTcya2IPgS3mF.jpg,0,1
297-with-mask_jpg.rf.XzUGNBy04cFXxKOHYlA0.jpg,1,0
439_jpg.rf.AjCLQyvwDriLbRu0srv1.jpg,0,1
409_jpg.rf.6YldLnSrHhCHOAWUEB8b.jpg,0,1
8-with-mask_jpg.rf.ahSgZyKZXcrIhvw1VSCr.jpg,1,0
augmented_image_263_jpg.rf.8fN2VxmrCRTeht3hLQvU.jpg,0,1
augmented_image_200_jpg.rf.d8oZRf6OMtDa80VNEfJk.jpg,0,1
57-with-mask_jpg.rf.Avy2Gq2396tNuXq6Ogvb.jpg,1,0
398-with-mask_jpg.rf.fieTZeTfhvPlOgaGhSr6.jpg,1,0
375-with-mask_jpg.rf.Y2XN6AsKgpEKKEVUtV2u.jpg,1,0
339-with-mask_jpg.rf.bTyVtyvxkMvJXb4nIOMR.jpg,1,0
158_jpg.rf.eeJEd9wLsE01KthaHQal.jpg,0,1
33-with-mask_jpg.rf.YhDC1orI3bU5SdQz89xY.jpg,1,0
augmented_image_185_jpg.rf.ezEumQPbR9pMbcPptnIf.jpg,1,0
425_jpg.rf.Ze8nT7anmNjLd6uih2vZ.jpg,0,1
augmented_image_133_jpg.rf.B3lPgpJhcUw90nMIQI63.jpg,1,0
augmented_image_59_jpg.rf.Yx8IdA1cqQmOk7LPlNBb.jpg,0,1
augmented_image_300_jpg.rf.ecEDCy1mTkqo19dcl7FQ.jpg,1,0
augmented_image_3_jpg.rf.Ww6tcA786XZHmdplVjdY.jpg,0,1
52-with-mask_jpg.rf.YJKQAI3MgsCgawaSGHpk.jpg,1,0
116_jpg.rf.YfgExShaYWCoZprojSeH.jpg,0,1
augmented_image_308_jpg.rf.dkhWKweFqmO0StWGUpOC.jpg,0,1
augmented_image_281_jpg.rf.ZX5taqhBi66lQygrV8fU.jpg,0,1
augmented_image_99_jpg.rf.carGhqkxXWADPISjWiSf.jpg,0,1
303_jpg.rf.fBLJQTrr4SAkSTbuTYgS.jpg,0,1
augmented_image_53_jpg.rf.aEYhaqEigdCFobm1srHR.jpg,1,0
125_jpg.rf.cK351FMEhnMwn7AINfeI.jpg,0,1
305-with-mask_jpg.rf.8UlhMRj9uICt6mRf84cm.jpg,1,0
233-with-mask_jpg.rf.cWKJl6ddsij8vqndPWjC.jpg,1,0
augmented_image_2_jpg.rf.aQXjxM4jkgQQEpz6V2u7.jpg,0,1
337_jpg.rf.jYaUSGqeUMLDznBhkRbu.jpg,0,1
349_jpg.rf.ASbq9gVacKE3EkT5WI4p.jpg,0,1
130_jpg.rf.fx6aHJ8XKbiDwxa0BQMu.jpg,0,1
augmented_image_191_jpg.rf.BfE670jqTrPny2KBDmkZ.jpg,1,0
420_jpg.rf.Zs3rEHSvMCVyu89fX9Qc.jpg,0,1
augmented_image_232_jpg.rf.YwrxzanBrxW8WIn3SZUJ.jpg,1,0
26-with-mask_jpg.rf.d92ibjsmxoL2YNmY5UGb.jpg,1,0
202-with-mask_jpg.rf.f0xGftBvtvCcd6HQSrB0.jpg,1,0
augmented_image_172_jpg.rf.ZPmcrRg5SwQJUmyri47j.jpg,0,1
augmented_image_161_jpg.rf.BbvGaSaSHSLNgde5X2EI.jpg,1,0
augmented_image_79_jpg.rf.gR1VTVVVRjmRXs2nu2hz.jpg,0,1
56-with-mask_jpg.rf.dfyjlUN3t2cFGEBoDN9Q.jpg,1,0
augmented_image_68_jpg.rf.eaoaHGIreh7ajZJCuWJL.jpg,0,1
415_jpg.rf.Zpw7TSFweCho8Q0UC1cl.jpg,0,1
augmented_image_4_jpg.rf.aZLNASkvdFx3mR4dPFVh.jpg,0,1
384-with-mask_jpg.rf.b80zqmhno4AiwvqRadab.jpg,1,0
456-with-mask_jpg.rf.eWhVE4ZSdE5RLM4HOyuN.jpg,1,0
164_jpg.rf.gXwvqFpKvX7D0IVY6qx7.jpg,0,1
augmented_image_143_jpg.rf.jztF2OvhQNpy3HW5cb3j.jpg,1,0
augmented_image_103_jpg.rf.fNAQv2iinKdFnrn35Beq.jpg,1,0
augmented_image_214_jpg.rf.lOnYU9nReTrdkBujkA6X.jpg,0,1
407-with-mask_jpg.rf.a0jeyaaLSUxlk6KAfHdz.jpg,1,0
109-with-mask_jpg.rf.ksLi5irMNBBgsPO8AeGw.jpg,1,0
169-with-mask_jpg.rf.f9jmDvPtd7H1iEErEJ7u.jpg,1,0
140_jpg.rf.GXRPMgX59UhgK0lfNKcc.jpg,0,1
173_jpg.rf.kbqlIoAh893B0jckAIh3.jpg,0,1
31-with-mask_jpg.rf.ZtUc1HkFqLw4FpwTyj18.jpg,1,0
augmented_image_151_jpg.rf.Bib7V2mab6oFpkFvzi4c.jpg,1,0
354_jpg.rf.egzyanKECNwboZIjZQuN.jpg,0,1
92-with-mask_jpg.rf.ZsYMbHEIi1UUyrMzadu4.jpg,1,0
augmented_image_314_jpg.rf.aSDPiwY8G2tzcCWfTBIO.jpg,0,1
augmented_image_85_jpg.rf.keJGVYZE5BA564kLRUHg.jpg,1,0
augmented_image_96_jpg.rf.fHHEMGvhVeirINJWIKdw.jpg,1,0
augmented_image_150_jpg.rf.GjHoC5w6WJydNKNT7FAX.jpg,0,1
augmented_image_50_jpg.rf.ZzPjj5O1RBeIsOnSyDD7.jpg,0,1
augmented_image_117_jpg.rf.GTslDhyS6dKXR40F5LCW.jpg,1,0
34_jpg.rf.goTUgc01AYaaC7k16lwi.jpg,0,1
268-with-mask_jpg.rf.hR6CAhDHJg3ZUSavi7jO.jpg,1,0
augmented_image_127_jpg.rf.eNf6hlL1gWuOkFif0GzN.jpg,0,1
160_jpg.rf.b7U1CYUhewQNcJFAVAVa.jpg,0,1
301-with-mask_jpg.rf.a0L56lzEMyzC3A0z24od.jpg,1,0
augmented_image_191_jpg.rf.VfCLg5nZQ2mCPONMFdUE.jpg,0,1
43_jpg.rf.abfypBYDWYxUSK4tOSQy.jpg,0,1
augmented_image_91_jpg.rf.c4OpfKxnfJObbWQSOK5n.jpg,1,0
396-with-mask_jpg.rf.aTwkHX6blYc5HluQWUGG.jpg,1,0
239-with-mask_jpg.rf.kUL8BZ1iInDSOGb43xy1.jpg,1,0
319_jpg.rf.nWdH7EiY57Q3mqk2vHwh.jpg,0,1
176_jpg.rf.AYTjvpfHYMviftkB3ABJ.jpg,0,1
438_jpg.rf.lGHlDHmoMYkDpjFikrCJ.jpg,0,1
augmented_image_0_jpg.rf.lhD4oaw8K28jmeCkqSvP.jpg,1,0
416-with-mask_jpg.rf.dDqSiUHPhhxjGyGiy45Q.jpg,1,0
284-with-mask_jpg.rf.cLtfvPnJjLvMBNcNAjPr.jpg,1,0
296-with-mask_jpg.rf.chCi03fZhr7vUOaHsWqD.jpg,1,0
augmented_image_61_jpg.rf.Vgvq6oFwRrmkG8uSkPyo.jpg,1,0
359-with-mask_jpg.rf.ky3D3FnmEO9EHbbdVmli.jpg,1,0
193-with-mask_jpg.rf.GYObxoKVaFllcsIf0yzn.jpg,1,0
augmented_image_123_jpg.rf.gIX7PORJrPm3YRXqwZ4f.jpg,1,0
95_jpg.rf.aRaQWg1XhkHgzgZimPtI.jpg,0,1
389_jpg.rf.e7uXB6QjCs2ErwNDDjO6.jpg,0,1
129-with-mask_jpg.rf.bseEm6KNlKTFtNtX1ln0.jpg,1,0
augmented_image_290_jpg.rf.ju3LkfGClPWAzEKCk40H.jpg,0,1
373_jpg.rf.Vx0BQqBHYplfjVt3yZL5.jpg,0,1
augmented_image_10_jpg.rf.mKLSrnctZoeHgxfftUa2.jpg,1,0
114_jpg.rf.fTOVndm5dVNdAjR7n6go.jpg,0,1
331-with-mask_jpg.rf.ZxkAegTurbq6mOUCynCC.jpg,1,0
augmented_image_26_jpg.rf.cpK6xa7Xy7todJ0jUvyL.jpg,1,0
326_jpg.rf.BiHZPZLvovy6MDUoGVpT.jpg,0,1
327_jpg.rf.Z6EBtBnfHNG72XVmKCju.jpg,0,1
355_jpg.rf.cidIEd4FzDOtTcc7QQUU.jpg,0,1
62_jpg.rf.ndPZ6rE8apf0oEbtdvlb.jpg,0,1
400_jpg.rf.YfQ243g9ORF5SrHTtAXY.jpg,0,1
96-with-mask_jpg.rf.ntgY3h7ZVeAcTNXMTYm1.jpg,1,0
353-with-mask_jpg.rf.W8InXvz56HZ19AAqSzng.jpg,1,0
augmented_image_158_jpg.rf.coknJvU2qzvSZ6mXvT3Z.jpg,0,1
449_jpg.rf.hG8o3eF2JIQajmnxRaCO.jpg,0,1
73-with-mask_jpg.rf.bhSEi4yyuMBW0SdTeWSf.jpg,1,0
413-with-mask_jpg.rf.i2bh7SvRIx0hZCPr6ALE.jpg,1,0
453-with-mask_jpg.rf.nHch8YuzMx9F25zm6RDC.jpg,1,0
356-with-mask_jpg.rf.dSSxKjXRLQPrZ7JxX2Le.jpg,1,0
198_jpg.rf.IhnVTju1UN1sxLI0Cjc2.jpg,0,1
augmented_image_296_jpg.rf.mkSUNPhT0zmZSP4mzHWO.jpg,1,0
183_jpg.rf.H2y40qzXyb6IhW0HKCtz.jpg,0,1
augmented_image_266_jpg.rf.aGunBwHrdnsXCrmTQT6W.jpg,0,1
269_jpg.rf.GHMJlErPfIltgTI1a6b1.jpg,0,1
augmented_image_210_jpg.rf.gpXRI5WD6Gp2zcZWT2vH.jpg,0,1
323-with-mask_jpg.rf.harnFQfmpSnWzj8tgUib.jpg,1,0
350_jpg.rf.dqPIV7IsimTtpbbWlq61.jpg,0,1
383-with-mask_jpg.rf.W4KncTcI62MR9SyMuMbh.jpg,1,0
450-with-mask_jpg.rf.dNr6APtH5OHlAULHwn04.jpg,1,0
108_jpg.rf.C0TyQKZVOLMr7MgyccTE.jpg,0,1
augmented_image_285_jpg.rf.W4Oezu77IBqMr28qr2I1.jpg,0,1
276_jpg.rf.Hu1nGkZ27U2AVK7TueQb.jpg,0,1
309_jpg.rf.gx6veNFB9delsyQNRXO8.jpg,0,1
augmented_image_244_jpg.rf.du4v9EAmKxT31Dv1uYJm.jpg,1,0
augmented_image_180_jpg.rf.bghW32XxdgmkUW5zK6n2.jpg,1,0
136-with-mask_jpg.rf.IlUxI9IEeQz2osYUcxZI.jpg,1,0
225_jpg.rf.GZEuFG9a5j6IgHaVbHQU.jpg,0,1
augmented_image_239_jpg.rf.GwHMC2TxWoAGEoiIaTf8.jpg,0,1
378_jpg.rf.WipvGGYWnGU5IaPlSm3Y.jpg,0,1
233_jpg.rf.fiDCEvMFImXCOEuM134A.jpg,0,1
85-with-mask_jpg.rf.gkZlUH7EgpVIhCIdSUHY.jpg,1,0
405_jpg.rf.d5JtnMCCz1i2pzH8Hwhj.jpg,0,1
463_jpg.rf.DBX5cNeY4zK5AgJ3LPLu.jpg,0,1
augmented_image_2_jpg.rf.CoXs175Gv2T2nNQ4vKIB.jpg,1,0
141_jpg.rf.DFArX7wmPxFEiQJAP109.jpg,0,1
49-with-mask_jpg.rf.cbBNiSE7rHA4Rwz6zfB6.jpg,1,0
314-with-mask_jpg.rf.IkQRJAZk57hgqeFnwDBd.jpg,1,0
143-with-mask_jpg.rf.fydEhfuftkab3wXXMtaK.jpg,1,0
94_jpg.rf.Hj4eGR4eYRex4LgtqiI9.jpg,0,1
257-with-mask_jpg.rf.CWjEQkOan9GS7drXGPbz.jpg,1,0
129_jpg.rf.WkB3tYdNCSJPFpTOAF0c.jpg,0,1
425-with-mask_jpg.rf.ot8bOI8rO7HrR2qyHOuh.jpg,1,0
48-with-mask_jpg.rf.cSr5qc9sVJrEkFlNbxG4.jpg,1,0
167-with-mask_jpg.rf.Itj19Qn2vK0zKKtAtyu8.jpg,1,0
472-with-mask_jpg.rf.Ogc4miZYzTkDf78zrTlt.jpg,1,0
201-with-mask_jpg.rf.kRG9xBESa2TyJA7BhoPo.jpg,1,0
augmented_image_213_jpg.rf.DkXg59Kf3zbMDLYIiZFR.jpg,1,0
36-with-mask_jpg.rf.hkVeOHcvajlclqrhpzGd.jpg,1,0
augmented_image_48_jpg.rf.HEeM5sVxgPT3ETNXTlZ8.jpg,1,0
317-with-mask_jpg.rf.WADDEqXH5mhl0PlxJa8B.jpg,1,0
240-with-mask_jpg.rf.HRaiMN0uM7ltF5gnjlqK.jpg,1,0
287_jpg.rf.D1yQcG3hG5AtBGXlEQt2.jpg,0,1
augmented_image_113_jpg.rf.fJstpLKp0bLSkI7N1qW5.jpg,0,1
augmented_image_147_jpg.rf.IoREofWc2r7bhN6jmQFP.jpg,1,0
207_jpg.rf.CZaLpFyvyGEIdspYBzzu.jpg,0,1
140-with-mask_jpg.rf.DKuvdNXLIiRHrWKINJl9.jpg,1,0
347-with-mask_jpg.rf.DyYZHIDXu0kQwJXiKtKp.jpg,1,0
295-with-mask_jpg.rf.im6KQZGs4NOtErUNyO82.jpg,1,0
24_jpg.rf.ioviJxuEIaiUy0aZe9k1.jpg,0,1
340_jpg.rf.Dr2SeiIJpza6hfKm0neC.jpg,0,1
augmented_image_58_jpg.rf.WnzeBw8XdkoTJelpS1Ej.jpg,1,0
364-with-mask_jpg.rf.WNnH9iPEfERKcTriDgMW.jpg,1,0
415-with-mask_jpg.rf.W9QGTKUI9Upt0xVOXreO.jpg,1,0
augmented_image_229_jpg.rf.X8Y2tbqz3TyNv4vX4wsJ.jpg,0,1
236-with-mask_jpg.rf.WPx7xvF55WD8eXw2GmQ9.jpg,1,0
443-with-mask_jpg.rf.XHKczMwru6lSowJOrLM0.jpg,1,0
118-with-mask_jpg.rf.psp4yYaBFysxYr1DNS7x.jpg,1,0
74_jpg.rf.pe10yw3rOOumwAOrHkv3.jpg,0,1
360_jpg.rf.pG5PCqcErXievf8etUGE.jpg,0,1
346-with-mask_jpg.rf.maExCT2mhlmfnzmgkdSj.jpg,1,0
197_jpg.rf.5z96M7J0DKDEpXbI3pBn.jpg,0,1
116-with-mask_jpg.rf.P1pcSLcK0j1yine7EQxi.jpg,1,0
augmented_image_197_jpg.rf.OGsnZDdl4GHxxLBMGOrv.jpg,1,0
augmented_image_22_jpg.rf.Our5Z9oALXiwqx6nXtLN.jpg,1,0
86_jpg.rf.P5cAqmWxKihRw4N116Xt.jpg,0,1
34-with-mask_jpg.rf.OMZfpQUCbuKW1yH7NZdw.jpg,1,0
477_jpg.rf.P9BicvDWZGRQIjcr2aL7.jpg,0,1
185_jpg.rf.HvNzeBWWEhTOV03IuTft.jpg,0,1
augmented_image_36_jpg.rf.DuOqgVwdnf85YqEpAtFq.jpg,0,1
17-with-mask_jpg.rf.b4wh6JhsLTBQ3TdrpFnt.jpg,1,0
322-with-mask_jpg.rf.q9x4noexUDLIDE8imkt4.jpg,1,0
332_jpg.rf.IwzqZtsr0FGe3oRx0yMH.jpg,0,1
450_jpg.rf.D69J7MEBmcUXK8KVqKlB.jpg,0,1
augmented_image_278_jpg.rf.E0EAl5RVizlI8dTmzWWm.jpg,0,1
16-with-mask_jpg.rf.XNAufa31UopxVDg353Q8.jpg,1,0
289-with-mask_jpg.rf.nek4W0rMNloqsZcdzuNv.jpg,1,0
augmented_image_149_jpg.rf.56mBTFkajLhEJT4SMKZf.jpg,1,0
171-with-mask_jpg.rf.PCO9irmXy8JW7QvjxIFs.jpg,1,0
93_jpg.rf.KGx12euLIpi991Elta6K.jpg,0,1
augmented_image_86_jpg.rf.Pb1bN02FSTHhET6wk8V5.jpg,1,0
augmented_image_267_jpg.rf.GvWNtDDDp5XhR9ZQwRid.jpg,0,1
augmented_image_207_jpg.rf.5pylv0sMhdkwqzlPgH87.jpg,0,1
augmented_image_3_jpg.rf.JNJJZOe15jXvb5I5ICzW.jpg,1,0
359_jpg.rf.WvGYNCv1ZeG16fD1piSs.jpg,0,1
40-with-mask_jpg.rf.WuD5lQO5WVGOFipRRP6d.jpg,1,0
71-with-mask_jpg.rf.6IxBSix0Bj5mnzR7utte.jpg,1,0
397_jpg.rf.JomXlf9kTY6E1FDC7pAj.jpg,0,1
58_jpg.rf.XoRRCeBE2EQZjDgUbX9R.jpg,0,1
augmented_image_27_jpg.rf.E8P8X93y3Tn4bOVruqHT.jpg,1,0
augmented_image_137_jpg.rf.0RUl46gtUTjbiunH0p1H.jpg,0,1
augmented_image_309_jpg.rf.Xi0TSdHhmwyras1Yjj4I.jpg,0,1
augmented_image_314_jpg.rf.g3qjEFqfieMT63TjJxKY.jpg,1,0
175-with-mask_jpg.rf.ORdKbfSgLe6mu2Hk3jUe.jpg,1,0
186-with-mask_jpg.rf.Prajyjuo1lD2B91KZ6fO.jpg,1,0
323_jpg.rf.KC8xDA6958AIogAljhEZ.jpg,0,1
augmented_image_57_jpg.rf.PYoWdAK81xDSch7xfuPy.jpg,1,0
augmented_image_219_jpg.rf.YLnEyA5DwAJFLYgfei8p.jpg,1,0
augmented_image_44_jpg.rf.6XpbGWEGUMYkxXOIEiJN.jpg,1,0
augmented_image_14_jpg.rf.Khv2IIrizG1CdsP6ZljD.jpg,0,1
augmented_image_230_jpg.rf.J2TiRnF44KWsoQQi2fFz.jpg,1,0
452-with-mask_jpg.rf.EQ9g4vIBcIS8Wq3MRn7h.jpg,1,0
422_jpg.rf.Ejbg8IC3TLV4xi9zalay.jpg,0,1
361_jpg.rf.XvExyX3yNY0e2YL2bYX6.jpg,0,1
augmented_image_132_jpg.rf.IB8IaLUFC7LVrZTzdFBb.jpg,0,1
340-with-mask_jpg.rf.EVnSzuaLZTdxsjL5O87c.jpg,1,0
477-with-mask_jpg.rf.ooFrdrIrSaESteiWGAIm.jpg,1,0
232_jpg.rf.PyzSuPjO0Aka2ZRTVsvH.jpg,0,1
151-with-mask_jpg.rf.65YZcQA9W5h6w7nMOstD.jpg,1,0
augmented_image_176_jpg.rf.Q51F01oAQZMlfCMqyCFp.jpg,0,1
243_jpg.rf.5xgde9vhGs01afBphtnD.jpg,0,1
10_jpg.rf.h3ltQmCJXPpayn9fCnUJ.jpg,0,1
451_jpg.rf.1zwtp4kIRzJoBjikpjVv.jpg,0,1
385-with-mask_jpg.rf.5mGKPyqmaJYl0MWkfoC8.jpg,1,0
152_jpg.rf.5z3SljF6477tHt1gqASv.jpg,0,1
augmented_image_30_jpg.rf.F3E57q5xVxJYKHUyyt07.jpg,0,1
434-with-mask_jpg.rf.FirBTaAizv6o1OfkKZ2B.jpg,1,0
447_jpg.rf.XC99YIuvTGJ30lXQ1qVJ.jpg,0,1
223_jpg.rf.60xFoRIN7cQ16tgJQo1u.jpg,0,1
augmented_image_304_jpg.rf.WyTVnXQIlfyVvYD38dPy.jpg,0,1
216_jpg.rf.QKp3E7P1NotlDwq4vwrM.jpg,0,1
augmented_image_267_jpg.rf.m1wZZ4n0yZHiObx2cMWo.jpg,1,0
368-with-mask_jpg.rf.QLU4yziwuW7fIJ1F1fgM.jpg,1,0
33_jpg.rf.5MqgIKA6gxugVBZdN9nA.jpg,0,1
51_jpg.rf.XsQ0L1FDynYpJzo6gWT3.jpg,0,1
augmented_image_200_jpg.rf.Phg0zgIRSfXHtZOrlQTH.jpg,1,0
augmented_image_106_jpg.rf.0rAydEizpqlxDvzsQjEE.jpg,1,0
augmented_image_119_jpg.rf.Qf4OG9GKogIlMu3vPCqQ.jpg,0,1
171_jpg.rf.0wtMo8FneNUMOIQ7UM1M.jpg,0,1
augmented_image_316_jpg.rf.WZXs4CV5Aw3fOlTRxLZk.jpg,1,0
479-with-mask_jpg.rf.0jZfDp3BoJ3jVTGKHXjO.jpg,1,0
402_jpg.rf.FGjeHHXZkCMq0L82PxD5.jpg,0,1
augmented_image_277_jpg.rf.paQ13V7RIsBFMzM7WG00.jpg,0,1
augmented_image_7_jpg.rf.PBYWcOTIp5S7cVnE8i5v.jpg,1,0
augmented_image_212_jpg.rf.1gI4DNIf9oFtffRHGujU.jpg,1,0
122-with-mask_jpg.rf.QeDUSlsaM0cG0NEjCgXY.jpg,1,0
augmented_image_55_jpg.rf.2MQm0SaHeMBSf2DR8fL5.jpg,1,0
400-with-mask_jpg.rf.6nnLyDjeGTozlT2Ouywv.jpg,1,0
augmented_image_262_jpg.rf.oCzeQKsnUVs4pRvZWN5x.jpg,0,1
288_jpg.rf.E66I6YJX8buCCDPVwgKC.jpg,0,1
augmented_image_103_jpg.rf.1bPqDyU7iNBdWrexAL20.jpg,0,1
augmented_image_142_jpg.rf.ERwqV85KXzYJWmWc2rYk.jpg,1,0
augmented_image_37_jpg.rf.7Mb0KSzD0tHhK394LSim.jpg,1,0
336_jpg.rf.QwkTU9LkszYja5SWD0aV.jpg,0,1
362_jpg.rf.29XdZM1pfmC0eIVtgBS2.jpg,0,1
262-with-mask_jpg.rf.FyVQkpsgklJLf79rZxTG.jpg,1,0
32_jpg.rf.7CcIVWHOUTLdMh48R2U1.jpg,0,1
161-with-mask_jpg.rf.mhyRalwOgwH6evvQ9eaq.jpg,1,0
439-with-mask_jpg.rf.QnAjkECa7jV8Ai6bQBQk.jpg,1,0
343-with-mask_jpg.rf.m8o559yKH9784bd5fcIx.jpg,1,0
augmented_image_116_jpg.rf.Qckp0kabFGe0c6f24AHJ.jpg,0,1
augmented_image_175_jpg.rf.XuyydLwzyCeR0W19oUJ3.jpg,0,1
augmented_image_12_jpg.rf.R3yxeH03SNFhhTxRbNhw.jpg,0,1
428_jpg.rf.G1YiLwIgFqkBuTmahNev.jpg,0,1
411-with-mask_jpg.rf.6QjSbMZl0P32LeapUjtb.jpg,1,0
399-with-mask_jpg.rf.m7NEHwpyF2WLMwA5kORj.jpg,1,0
431_jpg.rf.qGbkdd2WYD6HncDns3fw.jpg,0,1
416_jpg.rf.E6s9c8y9BlKvsLguQMha.jpg,0,1
175_jpg.rf.mk6B5DFx5t8cPZ1aOz0i.jpg,0,1
235-with-mask_jpg.rf.EuXzYqYnYfrpWgoUY6E9.jpg,1,0
181_jpg.rf.mPbn71oUPTerx0WufJKu.jpg,0,1
augmented_image_58_jpg.rf.856EEb34AoXhusxC18nc.jpg,0,1
augmented_image_93_jpg.rf.GsBfXus4Gc0BsE8Ml6vH.jpg,0,1
20_jpg.rf.mcn844dknSjUqghYFmxn.jpg,0,1
4-with-mask_jpg.rf.JYt9y9R8xk2tgumrpcto.jpg,1,0
384_jpg.rf.mGquwdYN0NZVVlOGAqMd.jpg,0,1
augmented_image_27_jpg.rf.uKt0SKb7WR9L7m7zhKwP.jpg,0,1
125-with-mask_jpg.rf.moCUodpn14S9MHiyYKKg.jpg,1,0
287-with-mask_jpg.rf.1i2nHioGQYn0kQBOlFXV.jpg,1,0
augmented_image_254_jpg.rf.Qy52j4dQM8n4Kn0XmBkP.jpg,1,0
161_jpg.rf.KFXqmfAEIKDYFtKZIyAt.jpg,0,1
augmented_image_319_jpg.rf.XQa61r6ajNb9ZutXlFpc.jpg,0,1
augmented_image_196_jpg.rf.YFD0deFvwQlptpgXjiBw.jpg,1,0
189-with-mask_jpg.rf.3BWbCubPnR1btSzXYHmj.jpg,1,0
228_jpg.rf.29HL71Jreta51Hb2BLl7.jpg,0,1
207-with-mask_jpg.rf.3NfpZlU7ddilgaUD2g9M.jpg,1,0
304-with-mask_jpg.rf.IGogy7ep52fA2WNh7Oel.jpg,1,0
177-with-mask_jpg.rf.HpjkbBuCWpQtMQVPgIVh.jpg,1,0
394_jpg.rf.G9aAXWXrF1y1PeIrIpaM.jpg,0,1
augmented_image_239_jpg.rf.FqwbsuT1SCfvV11mVQEO.jpg,1,0
106_jpg.rf.WtACIpgvEh1dYsvFbL0V.jpg,0,1
27-with-mask_jpg.rf.nLUTXrxK5jeiooKrzJU2.jpg,1,0
299_jpg.rf.nfwAzudfleIPTUxhKDQW.jpg,0,1
330-with-mask_jpg.rf.7ghHO9sV6OgwSGhxpu7F.jpg,1,0
104_jpg.rf.6duC0mLrx5AVaIJvE3RK.jpg,0,1
217_jpg.rf.7HMhhv1UAhtvKiEEq9EZ.jpg,0,1
augmented_image_134_jpg.rf.7kq9rd2hh28eKHDigT9E.jpg,1,0
146_jpg.rf.QoduLqIO04SYlOP4H0TY.jpg,0,1
219-with-mask_jpg.rf.R4mHvehvhN3bExJ1v7PB.jpg,1,0
176-with-mask_jpg.rf.uivKL8NNJA7UBSN7UrFv.jpg,1,0
augmented_image_189_jpg.rf.RJ3EQHERKlvvT9msM0JE.jpg,1,0
16_jpg.rf.RHrpff5L3YHTorJmKOJs.jpg,0,1
augmented_image_151_jpg.rf.JT6aGS9bvqQtxKMGrjUO.jpg,0,1
augmented_image_174_jpg.rf.uzTVOjacpnMe66rTmvDq.jpg,0,1
augmented_image_32_jpg.rf.3WxRxQhYEtfm3DtFYdcI.jpg,1,0
237-with-mask_jpg.rf.nJ7rSgHsSm4QgGaeoh26.jpg,1,0
132-with-mask_jpg.rf.uKmWcKKV2ikzOxdjF59Y.jpg,1,0
271_jpg.rf.naLGuCANRGyUw5WDjJqa.jpg,0,1
107-with-mask_jpg.rf.3EWhKR8G6dXEFVBbpxDp.jpg,1,0
148_jpg.rf.npk7bowB0IS9IjiuB0n9.jpg,0,1
augmented_image_204_jpg.rf.mKl79Djwo0AVZG4pXDCA.jpg,1,0
augmented_image_63_jpg.rf.3wr7H2HLMVszcLmPL2SG.jpg,1,0
363_jpg.rf.IowPNJjl7ZW3h8UzamET.jpg,0,1
augmented_image_115_jpg.rf.3GV9jRBFIlfPK9xydvPP.jpg,1,0
324_jpg.rf.HNLh2RVrNKgVmm0cjfK6.jpg,0,1
254_jpg.rf.2rmoLjPbt5tpuzBooDDy.jpg,0,1
259-with-mask_jpg.rf.HFoUcbGPqBg9qeXztYsP.jpg,1,0
462_jpg.rf.IIMLgADlPtbd7y9jiMY1.jpg,0,1
augmented_image_71_jpg.rf.4RIc4s1W2opRXgvqE5Kb.jpg,0,1
98-with-mask_jpg.rf.22VKCBBrCNpZzZ86azYb.jpg,1,0
87_jpg.rf.41PFPFt427uDh0iwVOPo.jpg,0,1
augmented_image_311_jpg.rf.JXfDAMC3DctSprvJjC9i.jpg,0,1
234-with-mask_jpg.rf.nTGpQAGi2DDE5TremaaS.jpg,1,0
augmented_image_115_jpg.rf.vn3ujcSsDieMiWCEr2cm.jpg,0,1
293-with-mask_jpg.rf.ItZDB9KUoVZNCA7Rzi3p.jpg,1,0
augmented_image_76_jpg.rf.nT2Z4IFyczb8BFGLHdPH.jpg,1,0
augmented_image_199_jpg.rf.v4SqmZX9d0QHbIl2erTT.jpg,0,1
316-with-mask_jpg.rf.J4ZLF6Zo7jmrgKptZXsG.jpg,1,0
19-with-mask_jpg.rf.4zayi9zPOJ7sMlieDgqJ.jpg,1,0
433-with-mask_jpg.rf.vxgduKerwL3zcObXA4pP.jpg,1,0
453_jpg.rf.Gg2NtvWbwnuXywPztoVV.jpg,0,1
105-with-mask_jpg.rf.QWjrsNbSmmKksehy977T.jpg,1,0
375_jpg.rf.3jRbb5ZNau4MYNpOoWg8.jpg,0,1
augmented_image_14_jpg.rf.oTVkgdI5ttaE50gkpGhr.jpg,1,0
augmented_image_75_jpg.rf.78g7HarIlphvTgKsaHjT.jpg,1,0
448-with-mask_jpg.rf.FrF1B4qZWdAZLiEcqXHw.jpg,1,0
261-with-mask_jpg.rf.vwmNvxBoENj3HzOzNI0v.jpg,1,0
augmented_image_105_jpg.rf.vjK18uYVFWHs6Ze6vPti.jpg,0,1
45-with-mask_jpg.rf.KwrmQyPSZELxzUeMpqV6.jpg,1,0
264_jpg.rf.KORf092AlhBi16vwz0Vp.jpg,0,1
172-with-mask_jpg.rf.oCK8S6lMns58ljvCsXQf.jpg,1,0
293_jpg.rf.3Bn5AqCidlnWezpHHPr0.jpg,0,1
459_jpg.rf.L7izO2nWcofIqlmTEuNY.jpg,0,1
137_jpg.rf.vq7u3J10W65dX759TtNe.jpg,0,1
augmented_image_181_jpg.rf.HASxNuLUJq4JnsRviRFG.jpg,0,1
augmented_image_166_jpg.rf.LTUdInO694TH6Zv8q9Ee.jpg,1,0
210_jpg.rf.o8ZH0m3FW7ngQLmYl636.jpg,0,1
297_jpg.rf.Ih3mrVehdEW0CAwg6T0u.jpg,0,1
11-with-mask_jpg.rf.niw2yRtoFDeG0566eQBl.jpg,1,0
303-with-mask_jpg.rf.4ob41ebvY7BIzcC03MCh.jpg,1,0
88_jpg.rf.oB3hec7OzZn8nb9ikjR7.jpg,0,1
153_jpg.rf.wj9mqnTz3TtmvMuoT1yi.jpg,0,1
106-with-mask_jpg.rf.BP0KWd9wiabtyNe2Wysy.jpg,1,0
57_jpg.rf.ik2AQsx3t2id0tz6Oqo9.jpg,0,1
134-with-mask_jpg.rf.2REHttQyNMnzoG77cX62.jpg,1,0
augmented_image_240_jpg.rf.JEWSRqAOFtQAVf4V41TS.jpg,0,1
augmented_image_245_jpg.rf.Lqlf1T2ST2sLg7qDZHkl.jpg,1,0
193_jpg.rf.w2RfdbNodT4eV82eLghi.jpg,0,1
augmented_image_93_jpg.rf.osgXSoxgUxcdR205spRg.jpg,1,0
282_jpg.rf.wqN5B7waBsYKMmbKIABP.jpg,0,1
augmented_image_318_jpg.rf.w7a9XElfxtg5HxYTn8eN.jpg,0,1
99-with-mask_jpg.rf.BmmYYJzzJW15d80A6iRo.jpg,1,0
augmented_image_64_jpg.rf.LgKjXVtYe5tG0ZNcv85t.jpg,1,0
139_jpg.rf.vMtk3oMF8zn9TK5FwtYV.jpg,0,1
18-with-mask_jpg.rf.Ba9lWoZZ92P9EjHPG4Xl.jpg,1,0
423_jpg.rf.M8vkYdgb0bvnGMDutN80.jpg,0,1
augmented_image_130_jpg.rf.jCPtSXo8N0ySfDPZyqml.jpg,0,1
82-with-mask_jpg.rf.weLl3GDnlDXLndoeUChn.jpg,1,0
405-with-mask_jpg.rf.wATr8y5jpvmoYxnLJZck.jpg,1,0
246_jpg.rf.4N7hdZ6YjJ1XQ2WwXyFw.jpg,0,1
458-with-mask_jpg.rf.wfFZC7snMuHwyEaTlrgQ.jpg,1,0
augmented_image_148_jpg.rf.p05iArjR9r3YlTYK2Otc.jpg,1,0
66_jpg.rf.oNMHQnAfVEPy6emlBnW3.jpg,0,1
115_jpg.rf.v3tO4lIRd8f8M8Ar7utx.jpg,0,1
124-with-mask_jpg.rf.jlWTHpcjC05QSIPYEbrD.jpg,1,0
136_jpg.rf.iyeDEHnSYYZ2qmpGmtjL.jpg,0,1
augmented_image_215_jpg.rf.JgtA1RE7jRpdfofpFlHi.jpg,0,1
107_jpg.rf.oejIxmPSCp2a4DUgAo7H.jpg,0,1
196-with-mask_jpg.rf.wPdJqHMVB11jMO6xmh2J.jpg,1,0
183-with-mask_jpg.rf.CTwDomGiDEbB2OJFxoWK.jpg,1,0
augmented_image_303_jpg.rf.xjOQacyFQo9o4WVmDUFs.jpg,1,0
augmented_image_89_jpg.rf.iglMwf7tTE3hWxiEyMXK.jpg,1,0
110-with-mask_jpg.rf.CCQ5j84k3spmDMQZFYx2.jpg,1,0
augmented_image_85_jpg.rf.n7Qo6wfkhYN1bb0eZtzt.jpg,0,1
augmented_image_193_jpg.rf.xkular9iacVvFvRhd9HQ.jpg,0,1
augmented_image_301_jpg.rf.MsDgFjIILy3sIErYdm9i.jpg,0,1
augmented_image_208_jpg.rf.ibkfskvenshkHc3knwog.jpg,0,1
351_jpg.rf.BlCZARPZgAUMZNMAE7NJ.jpg,0,1
430_jpg.rf.LsMWEUBiWsFsX7MSljRq.jpg,0,1
augmented_image_282_jpg.rf.xVdpdx56eovZvMnMxyn1.jpg,0,1
215_jpg.rf.CjvjgleYfGfcwdaieo12.jpg,0,1
augmented_image_192_jpg.rf.jzV7O6WFwFHrKcUoSogY.jpg,0,1
augmented_image_123_jpg.rf.CCCklXl7nxKUlxmoreK0.jpg,0,1
augmented_image_198_jpg.rf.BG5iG0EeXe5uuddo14pb.jpg,1,0
augmented_image_183_jpg.rf.Map19XDclC3mJgiLmoyQ.jpg,1,0
98_jpg.rf.529cvGsFTGQgDRmiOyEe.jpg,0,1
457_jpg.rf.vyciA2vCUFRGjCnv0daC.jpg,0,1
augmented_image_124_jpg.rf.CS4NVQ4RyReGMxMniVJt.jpg,0,1
53_jpg.rf.pl1Wpqk4SFZX5SqloehF.jpg,0,1
augmented_image_138_jpg.rf.uWDB2tJilUqqo0WAWmyD.jpg,1,0
augmented_image_193_jpg.rf.D0CPCljfT7GioCkrS46m.jpg,1,0
augmented_image_165_jpg.rf.yBFkqNPKatqcMIM3vMO9.jpg,0,1
augmented_image_188_jpg.rf.NIBwoOJipJfWCux5MFyZ.jpg,0,1
275_jpg.rf.k0R9ra5uWpVRj1XmH07s.jpg,0,1
111_jpg.rf.CulnaW0Zt5myOBhSFajr.jpg,0,1
augmented_image_170_jpg.rf.Lo6slOcKnnG3UGXHU3MY.jpg,0,1
399_jpg.rf.y6QftdlPXsVNuynfBqFK.jpg,0,1
augmented_image_202_jpg.rf.k2ahM1eJU8r5HjVrFPOS.jpg,0,1
augmented_image_18_jpg.rf.0vJpCEV2rwgqq5gIyDA4.jpg,1,0
182-with-mask_jpg.rf.k8pBzpvB8nvm7bEmqUW2.jpg,1,0
augmented_image_296_jpg.rf.wwMSPezohqsarZa00w5m.jpg,0,1
augmented_image_23_jpg.rf.RtT9H86WcaxBNIzwCKLx.jpg,0,1
augmented_image_94_jpg.rf.0YdCqtjTZfrsqQcQsoIZ.jpg,0,1
augmented_image_141_jpg.rf.0JQb72hT1UblMM6XL0lv.jpg,1,0
126-with-mask_jpg.rf.l3zdhrVlXohkHIDBrKlu.jpg,1,0
39_jpg.rf.ow8CB1qNunzANMlt9htp.jpg,0,1
44_jpg.rf.oigYv0DT0uy7FVtB9GiY.jpg,0,1
269-with-mask_jpg.rf.DGyHY9HOrfaTIGzdmhQJ.jpg,1,0
290_jpg.rf.0mGczY6LQQeUrAcYt1Kn.jpg,0,1
augmented_image_261_jpg.rf.SEqFHxK4FsoukXapyuDd.jpg,1,0
449-with-mask_jpg.rf.CMiOEYhk6y6ODfF4RO8H.jpg,1,0
221_jpg.rf.MXl8B8dGxli435fmocuJ.jpg,0,1
201_jpg.rf.ETrNv1eqnxf5XzdOrcfU.jpg,0,1
37_jpg.rf.kM2tJwoiiyLIUniKt22J.jpg,0,1
315_jpg.rf.Rr6zKDqzyYmLrbSbKvnD.jpg,0,1
218_jpg.rf.0nPuZhKRHYDdPAiAcpgh.jpg,0,1
12_jpg.rf.k1SFlRwtM3J9JAl71JMk.jpg,0,1
augmented_image_315_jpg.rf.ERb3iOtabn9XWNg8AybU.jpg,0,1
augmented_image_88_jpg.rf.MyKBUId51W5FiGvQXEXG.jpg,0,1
421-with-mask_jpg.rf.kfUKtEC2zrqxGG1PixWm.jpg,1,0
augmented_image_102_jpg.rf.1BPIWf5lv9RXDnNREYp6.jpg,1,0
augmented_image_91_jpg.rf.SJnqjrf2s2Ewz94xwdwI.jpg,0,1
105_jpg.rf.kGdbwlTAiprm1EzZJbaC.jpg,0,1
385_jpg.rf.18Rf5wP2gVgWlklCupu5.jpg,0,1
29-with-mask_jpg.rf.CuVrwvsqs0BclNmnZPRZ.jpg,1,0
434_jpg.rf.k2rNkTo0P0vhwL2u3Fnf.jpg,0,1
307-with-mask_jpg.rf.SCpi0RVnaa3INgHRcFCl.jpg,1,0
463-with-mask_jpg.rf.1qXzFCoSrwvrLviCL0n1.jpg,1,0
281_jpg.rf.EKaVG8pOSmn8hNoJbKVX.jpg,0,1
270_jpg.rf.T6EUd6Ivpv18uPYN5g36.jpg,0,1
253_jpg.rf.x02rygDiHdXYAH1Tamkx.jpg,0,1
augmented_image_99_jpg.rf.D34mxYryB8bASKPlXebs.jpg,1,0
augmented_image_268_jpg.rf.1ZKy6jNvujb47ES0XaY3.jpg,1,0
augmented_image_96_jpg.rf.k57tceM5I7E6xBhApO0E.jpg,0,1
86-with-mask_jpg.rf.19eVdI8Ca9h8N5WQyJ8L.jpg,1,0
28_jpg.rf.1WRIukg2hB1UAeM7EjeC.jpg,0,1
345_jpg.rf.23SLrBXSvY3q0ZIRngx5.jpg,0,1
330_jpg.rf.kHUXLzZWush8kmnid03R.jpg,0,1
19_jpg.rf.SeGeZZxWIWN35n7Qo05t.jpg,0,1
195-with-mask_jpg.rf.EY80NkWEl3z8mTd1l0q3.jpg,1,0
12-with-mask_jpg.rf.So69RJWRci1fgQ1etcl1.jpg,1,0
209-with-mask_jpg.rf.SP7Wlv2CPoLMwAgtp34q.jpg,1,0
augmented_image_118_jpg.rf.TZtZDRFNeXcJvKsY4buR.jpg,0,1
424-with-mask_jpg.rf.CWDqRzeBQPnFtretrSdH.jpg,1,0
223-with-mask_jpg.rf.Cl4qQjY7lu44msnqeIDv.jpg,1,0
13_jpg.rf.0NSihrLNM2f0PIXu5p9S.jpg,0,1
augmented_image_63_jpg.rf.GWnwmTWhdBBkg0xK4t0B.jpg,0,1
augmented_image_287_jpg.rf.MfPjJO2LMqEU8fWJrVCd.jpg,0,1
augmented_image_118_jpg.rf.FDdUVuVSCDczQvMZbrXU.jpg,1,0
augmented_image_186_jpg.rf.27aOsGYid8hRgv04E6EU.jpg,0,1
179_jpg.rf.2lfeZax4bMNJtXFhLmNY.jpg,0,1
335-with-mask_jpg.rf.kxfecVHwhLs4knLTNgfp.jpg,1,0
427_jpg.rf.oSwLDVoEH6DErSLpb7ev.jpg,0,1
23_jpg.rf.2QOyXFUsuyliqfnRdnzR.jpg,0,1
augmented_image_52_jpg.rf.lJJKxemd8tXWw9u8j2k2.jpg,1,0
augmented_image_84_jpg.rf.lEsNq1Zw1BsCamynbzRS.jpg,0,1
52_jpg.rf.TMta3tR95FK7gekRe1jv.jpg,0,1
344-with-mask_jpg.rf.l5wHTtBzhZ4AWZ2a07YM.jpg,1,0
77-with-mask_jpg.rf.CY71vIEslEQCh35nvBps.jpg,1,0
84_jpg.rf.xtx4C7C7HW0BwkPN7pOq.jpg,0,1
augmented_image_66_jpg.rf.kqxq8HKd5KzHjUIaTG0X.jpg,0,1
augmented_image_129_jpg.rf.2HHPQEqtNwnS7cQdN4BT.jpg,0,1
112-with-mask_jpg.rf.lsCqHz6kbFyOvbSvJebY.jpg,1,0
augmented_image_221_jpg.rf.SB5wPCHIP1kEhA3XBnjJ.jpg,1,0
117_jpg.rf.TW6DsTz0VRuDs9b6uTS8.jpg,0,1
158-with-mask_jpg.rf.UQOvxFwJaWhQVqhML4Bm.jpg,1,0
465_jpg.rf.Rs4sYhTWohrM4Ljk9bFC.jpg,0,1
augmented_image_113_jpg.rf.21GgLJ9Im9h6SDqCuOYU.jpg,1,0
15_jpg.rf.3HzYmPf7fRLXV2N4iur5.jpg,0,1
113-with-mask_jpg.rf.3Zyd0gO35Jlwdmz17Z4W.jpg,1,0
138-with-mask_jpg.rf.Cwi8jxPirNnAAPyHMM8C.jpg,1,0
augmented_image_33_jpg.rf.3lsR6urEZBlfjIUswGuK.jpg,1,0
204-with-mask_jpg.rf.GZShiMa6eYHc1Jto6P4w.jpg,1,0
206_jpg.rf.FyPX7Z93cUQwc088EQO5.jpg,0,1
augmented_image_252_jpg.rf.ljdJDFsKiNk3izm7rSCq.jpg,0,1
376_jpg.rf.CeSFmFCpf51m17kkpA6c.jpg,0,1
47_jpg.rf.Gb3GOlJYwJT89tXUOvXx.jpg,0,1
augmented_image_291_jpg.rf.DHiO3YP4N5yAEBNLqGVa.jpg,1,0
80-with-mask_jpg.rf.lDsF7QmGLaz85iF8KHtH.jpg,1,0
351-with-mask_jpg.rf.V3XQbxBnPJwF6DwE5F4B.jpg,1,0
256_jpg.rf.3CwIP7kbSH3RKvLs4LcM.jpg,0,1
augmented_image_21_jpg.rf.D1syPsnAuevWkL16Evt6.jpg,0,1
augmented_image_150_jpg.rf.3rusTX8JaOdVTrwJYRAf.jpg,1,0
442-with-mask_jpg.rf.lx0oiCRRtK5uRW7ccLPU.jpg,1,0
154-with-mask_jpg.rf.DaEtEDBw0dLRjNFqnGRH.jpg,1,0
275-with-mask_jpg.rf.SevoegbWReQXrxq5dJy5.jpg,1,0
augmented_image_4_jpg.rf.V4RUkPMcuuAhp87ZSLLu.jpg,1,0
309-with-mask_jpg.rf.1gaSX9GqbSl8A45F1gS7.jpg,1,0
212_jpg.rf.lZgXWciILWmXtwtzYXhb.jpg,0,1
197-with-mask_jpg.rf.SU8j8ZsnkoEBFb4uu3lg.jpg,1,0
augmented_image_48_jpg.rf.l0D63c9KyohJLEt91Rqf.jpg,0,1
186_jpg.rf.VJvmS1yn9RtDLwXiM8ZY.jpg,0,1
augmented_image_126_jpg.rf.SDfG0gjTMqkhxuQOhFbJ.jpg,1,0
augmented_image_173_jpg.rf.366Cl0JzRwoukFYyvKxB.jpg,1,0
419-with-mask_jpg.rf.V0JuaLJrcSluPiW5trlO.jpg,1,0
pra3_jpg.rf.Dh3cEIcRTR6KyDIKkXNn.jpg,1,0
241-with-mask_jpg.rf.DIgkCUB5x4uFYc1pwNL5.jpg,1,0
41-with-mask_jpg.rf.Drkj7lTnZGkY6YTZdBa3.jpg,1,0
295_jpg.rf.ChsFJNRzQH8Jkx2jMLRS.jpg,0,1
18_jpg.rf.ElElt0ANixff5VOcwrX3.jpg,0,1
349-with-mask_jpg.rf.Ep0Wn6UxrpucVPGD4XNS.jpg,1,0
401_jpg.rf.wHPkAQhlP4ljKOdPoIKt.jpg,0,1
augmented_image_221_jpg.rf.1MdmBACQLYq2HOhoDxzf.jpg,0,1
augmented_image_298_jpg.rf.4Nv2t3HNhgMQX3JTQOjx.jpg,0,1
augmented_image_166_jpg.rf.3DIUFb79kRwobwpGfyno.jpg,0,1
282-with-mask_jpg.rf.41TiylgWIMDPNhWfq1lN.jpg,1,0
augmented_image_210_jpg.rf.3W3HFRZJBjuwbVm11Sd0.jpg,1,0
407_jpg.rf.x1WwtZF0pgH6V48p3F4S.jpg,0,1
467_jpg.rf.wcpyUW1EK5sw4HK0kxhf.jpg,0,1
225-with-mask_jpg.rf.4RxkAgFbQ8uvacXHSbXA.jpg,1,0
augmented_image_201_jpg.rf.xloRJKb3Jmhud0nX1xwU.jpg,0,1
157_jpg.rf.wA0CWRBUwB0T0vD4Y6Sc.jpg,0,1
augmented_image_215_jpg.rf.4glBpFiudUvz8UYfUyiN.jpg,1,0
311-with-mask_jpg.rf.UBD8qW50HFKoZCvMaSlj.jpg,1,0
267_jpg.rf.lsbvCjZDzOR46Cc3owDt.jpg,0,1
augmented_image_154_jpg.rf.SVtnQE4peh1KlnWDv3R4.jpg,0,1
312_jpg.rf.Se0jeWb9yEiGQHH6v08G.jpg,0,1
64_jpg.rf.TJGiGdi7zIV8ZMqmnmLZ.jpg,0,1
30_jpg.rf.Rv1Oe5LPivZNK5312mEw.jpg,0,1
402-with-mask_jpg.rf.RplJ9naJy1QPhTmwKdUe.jpg,1,0
300_jpg.rf.Ur2mtO3Gqud1HiQK3t3b.jpg,0,1
6_jpg.rf.TmAHGQ45j66T7JjG34Jl.jpg,0,1
387_jpg.rf.TxrmswmpvLE0cZ6MsS88.jpg,0,1
68-with-mask_jpg.rf.UkNtMkLePSkaj0HKqExE.jpg,1,0
augmented_image_226_jpg.rf.VIgAYzpzRuIBt6dAyQDG.jpg,0,1
augmented_image_270_jpg.rf.SvVSpYWtlTHePVXMCgOq.jpg,0,1
336-with-mask_jpg.rf.SLOf8uGc6Wvb4Pd7wTWJ.jpg,1,0
464_jpg.rf.gBD2k7ITV4dRNS3cqDtA.jpg,0,1
81_jpg.rf.V7et0Bnq3Ieg09Kxq3x0.jpg,0,1
332-with-mask_jpg.rf.VK8M3pVa9Uz9QhgEVJAr.jpg,1,0
131_jpg.rf.F7Z6wrMkuHmvChpsCgJK.jpg,0,1
67-with-mask_jpg.rf.F5QWLcLWBL8FNVtsp9Z4.jpg,1,0
480-with-mask_jpg.rf.FFdJcOQpJbnSXj1Ec6cx.jpg,1,0
200-with-mask_jpg.rf.E8MDoIWyWj3QhgolopaL.jpg,1,0
1_jpg.rf.UKFBksAzDXwUdzb7cmY9.jpg,0,1
298-with-mask_jpg.rf.SVOlji6oQCMdjB7KyrIq.jpg,1,0
380-with-mask_jpg.rf.w8TjxYfMzLaSzgmRfejC.jpg,1,0
159_jpg.rf.SpD14yHOmJZU0rNZ5nuw.jpg,0,1
408_jpg.rf.gg7FKqb2M4x1w79hiEU2.jpg,0,1
augmented_image_104_jpg.rf.DwdcJ9aaMrb0NseWYWm3.jpg,1,0
417-with-mask_jpg.rf.wk7NSm6X0mE5IGhvY3MD.jpg,1,0
401-with-mask_jpg.rf.wqz120TRLPBZeEZSDZYH.jpg,1,0
101-with-mask_jpg.rf.gfIxW57m70m5b9rTvoS0.jpg,1,0
99_jpg.rf.Dvjo7XhU7z4zCTpoRqSl.jpg,0,1
augmented_image_133_jpg.rf.V2fEPZwokz14sFnWnyLd.jpg,0,1
augmented_image_141_jpg.rf.U84SMpJjx5icjNnhI2d6.jpg,0,1
augmented_image_281_jpg.rf.DCeDIkw8CcSEOfMzr9A5.jpg,1,0
augmented_image_31_jpg.rf.TMd5XB0Rz4NV66zBk2qs.jpg,0,1
augmented_image_179_jpg.rf.y6rF7hCaASwqAzzXGAe1.jpg,0,1
augmented_image_105_jpg.rf.yOT0Jqpqej56HSAWsVxX.jpg,1,0
augmented_image_306_jpg.rf.TxVw2ejE9qUVLuO8K799.jpg,1,0
augmented_image_78_jpg.rf.DefReTDqHRs3WeyeUWxq.jpg,1,0
1-with-mask_jpg.rf.V9pc3Jt9kxfOQYsOESFj.jpg,1,0
augmented_image_40_jpg.rf.gkso1JffHfjRBP5nU6Po.jpg,1,0
augmented_image_204_jpg.rf.EIrhtPoq9TIt5j0InFR1.jpg,0,1
110_jpg.rf.V56eKJPkQO0Fdx1oxu2I.jpg,0,1
348_jpg.rf.yE3Z99TAvN3ibxnqmEn3.jpg,0,1
augmented_image_214_jpg.rf.wvcUucFj6s6poSdTdRVj.jpg,1,0
115-with-mask_jpg.rf.gEuQ9nOO6GIPNhlI67S6.jpg,1,0
306_jpg.rf.FJa6y4XdqXlglUP2xJmE.jpg,0,1
augmented_image_295_jpg.rf.ySvI0bM31fyUaCN0lSvT.jpg,0,1
134_jpg.rf.G3OERMxat3lMm59YrRLs.jpg,0,1
382-with-mask_jpg.rf.ybxDw2665wuqLd5nlLVb.jpg,1,0
augmented_image_220_jpg.rf.yWVAAHGhuBd9k4J99tWW.jpg,0,1
24-with-mask_jpg.rf.GI1M460htEiWS5mSJm1U.jpg,1,0
augmented_image_1_jpg.rf.yeMCKnuxuIXseXioGtg5.jpg,1,0
3-with-mask_jpg.rf.gniOOmhBEc9Q9pZmfY7H.jpg,1,0
augmented_image_59_jpg.rf.G6nhoaIXtEArH8V0XGkw.jpg,1,0
409-with-mask_jpg.rf.geIYBnecLSmPSWR1PVSb.jpg,1,0
286_jpg.rf.GN72Tvu1139mmIhh2PN3.jpg,0,1
augmented_image_155_jpg.rf.g8jsw64UPA4gc1KYh6Om.jpg,0,1
augmented_image_223_jpg.rf.VTR8tUrY8n91POL1s2wY.jpg,0,1
53-with-mask_jpg.rf.hO38MLWh7ZEWW6GJ9AYO.jpg,1,0
augmented_image_284_jpg.rf.G7AAORJV6mYw3KIQJP8F.jpg,1,0
augmented_image_114_jpg.rf.gsQsjfBlTosCbyTNAfYk.jpg,0,1
159-with-mask_jpg.rf.Vrqxw64E9IqIvJG21G6v.jpg,1,0
422-with-mask_jpg.rf.VlRXeuNzTaHN81wqOjJE.jpg,1,0
augmented_image_194_jpg.rf.Gjj8BQqtQbieJ19dFhSs.jpg,0,1
365-with-mask_jpg.rf.yYNWSiAlKmBG4Q3ZTZpj.jpg,1,0
321_jpg.rf.hh6k53iR63OigxEx0ZRs.jpg,0,1
augmented_image_223_jpg.rf.xplREPRasoN7v5njWu0u.jpg,1,0
395-with-mask_jpg.rf.yeJcJp9yz1rLmipSke3w.jpg,1,0
180_jpg.rf.VL8ICHxvduNc4Vnhxdnx.jpg,0,1
184-with-mask_jpg.rf.VjdFBnNCG0xqJUCponiW.jpg,1,0
augmented_image_13_jpg.rf.0732koVkdicEUfR1BQp6.jpg,0,1
15-with-mask_jpg.rf.hOnpi5E15rX2nQoq44Eo.jpg,1,0
36_jpg.rf.09hILl2Ez4COgblNb3Z4.jpg,0,1
5-with-mask_jpg.rf.w7uuxRhu0qCt5XEbxME3.jpg,1,0
283_jpg.rf.0SGCSviAvLrVJfu9s57j.jpg,0,1
392_jpg.rf.E6actTZ7A6eEUd6hxzv4.jpg,0,1
augmented_image_95_jpg.rf.h6pXmi6Hk8STwhjaJ4Ll.jpg,0,1
0-with-mask_jpg.rf.TKIXMKWQsxrjNdzvAs1n.jpg,1,0
70-with-mask_jpg.rf.0oQ4wLeDhNuvEjndSjD7.jpg,1,0
310_jpg.rf.iJe1wsrGPqIAX7GojGPy.jpg,0,1
augmented_image_18_jpg.rf.V2tpBzIFa36jS9cOzQQa.jpg,0,1
357-with-mask_jpg.rf.iEu8SiykWj2c1fKmW7LV.jpg,1,0
148-with-mask_jpg.rf.hf7vaGh1kX6Vvc69D8F0.jpg,1,0
augmented_image_153_jpg.rf.0a5Z7NjqaT6rfWXG99xs.jpg,0,1
114-with-mask_jpg.rf.hwUx1JQhlyhASdkTMATd.jpg,1,0
augmented_image_35_jpg.rf.GBP6OFFWVCoBgWvNXUt0.jpg,0,1
288-with-mask_jpg.rf.0YnXxBs8gSmahiPQjmPy.jpg,1,0
augmented_image_291_jpg.rf.Toe4ibjKWFUBfmIns7TU.jpg,0,1
457-with-mask_jpg.rf.VeIy3L3G7kX7jxRn5xA6.jpg,1,0
326-with-mask_jpg.rf.VnLgyMuS4gzeZXwXr5Xi.jpg,1,0
augmented_image_162_jpg.rf.Gl2SjrpyclkE9XWNnuvE.jpg,0,1
406-with-mask_jpg.rf.hSqtYXGOqadf6IEmlbLs.jpg,1,0
63_jpg.rf.UB4jZaPYnoE9Es1Gv0no.jpg,0,1
173-with-mask_jpg.rf.ifGUKAcWLT2eP70MekVq.jpg,1,0
444-with-mask_jpg.rf.hiJn1QG117iqSu9VkX6Z.jpg,1,0
augmented_image_177_jpg.rf.VW6NTljUXtR2EKgTDZTd.jpg,1,0
78-with-mask_jpg.rf.1IZ5C7VGRt82MWpLynAN.jpg,1,0
93-with-mask_jpg.rf.1GS8CjmS8TMMVFYY8VKO.jpg,1,0
128-with-mask_jpg.rf.FaBTvxR30nSj4R7K0xFW.jpg,1,0
172_jpg.rf.Gi14RwO0J0gxsyWmBJyI.jpg,0,1
456_jpg.rf.iSEYhrauojqkNIDtAGqc.jpg,0,1
augmented_image_306_jpg.rf.VBxWl1k35hkfk0wylLuI.jpg,0,1
14-with-mask_jpg.rf.1vezkHRaYaWrQejQRBXr.jpg,1,0
398_jpg.rf.iep3ZbikjTfjbAoC2rpf.jpg,0,1
96_jpg.rf.1iMiZStZgysJtwfIyENs.jpg,0,1
471-with-mask_jpg.rf.24ft9h3WcrRCqKXFTMm6.jpg,1,0
120_jpg.rf.j1hdSVzT75bVPXTgTaN2.jpg,0,1
229_jpg.rf.hNFsniyTp114wbS2FNQB.jpg,0,1
298_jpg.rf.24KVWpQrH9WAIMfitZx1.jpg,0,1
155-with-mask_jpg.rf.15MoYKcCvkupXpCjzFr0.jpg,1,0
augmented_image_92_jpg.rf.1uG09ZbDsFIXnZeujopI.jpg,0,1
augmented_image_157_jpg.rf.rhxVLweuZe39yNBN27BP.jpg,1,0
394-with-mask_jpg.rf.hbKNDr4McHeEcCTIECRX.jpg,1,0
342-with-mask_jpg.rf.wQcjTCzkUog0U7zdr9kD.jpg,1,0
17_jpg.rf.s3kjANxT94PoiqVZGurJ.jpg,0,1
192_jpg.rf.VBzl0kpvkGl1JK91YCZ5.jpg,0,1
432-with-mask_jpg.rf.1xRLCbLJuSSZxzEdjdoj.jpg,1,0
94-with-mask_jpg.rf.yEdsmSz3poCkrFy60nmx.jpg,1,0
386_jpg.rf.ijYTbxScO91Qff9kiheR.jpg,0,1
augmented_image_310_jpg.rf.0ScBM5vRq77hO8Ue2WrD.jpg,1,0
392-with-mask_jpg.rf.2CRZ3OBFzvQMMxBPFMdU.jpg,1,0
augmented_image_109_jpg.rf.xJBaKl3Xl56J9KSFO5RO.jpg,0,1
augmented_image_279_jpg.rf.s10h2ScyeOFzEZr2LHzo.jpg,0,1
467-with-mask_jpg.rf.y1ohY4w1jyUlmddnWEUp.jpg,1,0
augmented_image_65_jpg.rf.sPs7jHcS0uLMdMBjrciE.jpg,0,1
augmented_image_87_jpg.rf.s85G01s6FgXVsNWkLfEL.jpg,1,0
445_jpg.rf.s7IBQNZdTv6LMhXEo5w7.jpg,0,1
475-with-mask_jpg.rf.y4xaWFlQZcUAh5kH8rlY.jpg,1,0
104-with-mask_jpg.rf.s4qq2vt9DP1pXVKItCIM.jpg,1,0
438-with-mask_jpg.rf.21cRT0zZXO6nQB0mh846.jpg,1,0
165-with-mask_jpg.rf.wj3R8a5I2aDes5E4hIGg.jpg,1,0
augmented_image_148_jpg.rf.yPuWryh53Wj0P31Kg33n.jpg,0,1
augmented_image_69_jpg.rf.wmdPByRclUjXKFcKUx6e.jpg,1,0
augmented_image_247_jpg.rf.sr274T7o1wAINuzSpimj.jpg,1,0
135_jpg.rf.j6OsQifoUHahpjTSSArv.jpg,0,1
239_jpg.rf.s05h0A2TWASzYv1HPHyR.jpg,0,1
55_jpg.rf.j9n49dmWfnQlvdUQtAbY.jpg,0,1
352_jpg.rf.gzeC93lPNiSh3B6IgzLI.jpg,0,1
127_jpg.rf.seUIWjDMv9w285MCRIi2.jpg,0,1
72-with-mask_jpg.rf.rm0moy18Nh7ux2rtHpef.jpg,1,0
262_jpg.rf.2syWWgPlgvYA4cXoUQMV.jpg,0,1
214_jpg.rf.2qtkcegytQlzYILUFLEo.jpg,0,1
61_jpg.rf.zQJ2hABFYOQivu1TkGR8.jpg,0,1
170-with-mask_jpg.rf.sFXgaxvjeqPBkEC9ou7I.jpg,1,0
146-with-mask_jpg.rf.sdTb5NiG4LWzXBudE1UW.jpg,1,0
51-with-mask_jpg.rf.2K7LxjDALXBxsd2BzXPG.jpg,1,0
augmented_image_201_jpg.rf.z60Qf61LNkHwyXXO0FKv.jpg,1,0
81-with-mask_jpg.rf.32ibfLdMuh3xtzO1lzrg.jpg,1,0
454-with-mask_jpg.rf.sVYSapsv9kFDYJZ2rJKI.jpg,1,0
447-with-mask_jpg.rf.tRpKLFlcM6AfvYO0Tp3U.jpg,1,0
augmented_image_186_jpg.rf.tCCDbq0ChYpggpLOJlkh.jpg,1,0
100-with-mask_jpg.rf.tMNnBcmYsz3klUgCkeFU.jpg,1,0
augmented_image_145_jpg.rf.tTtGTQip7ZapO7zenKs3.jpg,1,0
168-with-mask_jpg.rf.sxtHzYV9wDnJMOfH7eXZ.jpg,1,0
356_jpg.rf.tWy5o5n4zC1z2BcwjKkK.jpg,0,1
369-with-mask_jpg.rf.tGxMU8tGEcrAxnLRUY55.jpg,1,0
augmented_image_255_jpg.rf.3muoMcU6R1vdpozTmntv.jpg,0,1
192-with-mask_jpg.rf.31FfCC53BGw33Wra0Nzg.jpg,1,0
419_jpg.rf.2wVUL8scbkoDHCqKWqc2.jpg,0,1
2-with-mask_jpg.rf.3DzCyH2wTwZgQj4ajvH0.jpg,1,0
26_jpg.rf.tTWuPseNJ66Ma8YXq9Ui.jpg,0,1
augmented_image_217_jpg.rf.3oCwHDD35Gdnz7tUa92N.jpg,1,0
10-with-mask_jpg.rf.sjLHekduPZi3RYkjSP0q.jpg,1,0
325-with-mask_jpg.rf.35lKzSlFCrWGLJEiESBv.jpg,1,0
augmented_image_107_jpg.rf.14CmMEI7fE7yvdyKgSpx.jpg,1,0
445-with-mask_jpg.rf.3tIPRo6RmpEe58GCNLfO.jpg,1,0
augmented_image_310_jpg.rf.tcNZEc5DODYUqRDLCQIX.jpg,0,1
227_jpg.rf.inBxZ1jAGPCz7Ke5CADS.jpg,0,1
265_jpg.rf.2b2St02TZO9fMtDUNz5M.jpg,0,1
augmented_image_121_jpg.rf.4DcDJ8NXiuSlMFeFFCkx.jpg,0,1
augmented_image_180_jpg.rf.u1p8Q0717ZmJhuHR1Jzx.jpg,0,1
augmented_image_185_jpg.rf.tdsIzNNEFzd7yngv0MNI.jpg,0,1
76-with-mask_jpg.rf.52rdgv0Sq8GrAyGQkqUp.jpg,1,0
augmented_image_170_jpg.rf.2x3gRKHKubDVYWjtM3tR.jpg,1,0
121-with-mask_jpg.rf.3zqxGaPowmiPQt8q8txO.jpg,1,0
285-with-mask_jpg.rf.tsE7eCGF2zcpvfcFl1Zr.jpg,1,0
408-with-mask_jpg.rf.2GfgusmtizKKWsR31L4A.jpg,1,0
261_jpg.rf.ogpSDBA6H0FTpJTmlYJ4.jpg,0,1
augmented_image_60_jpg.rf.5RwZwn5XXqYfi7pd7s82.jpg,1,0
22_jpg.rf.4LnCGL41VfTdX9IMytaK.jpg,0,1
65-with-mask_jpg.rf.5EGM8ctDRlq3Q9ipvDxV.jpg,1,0
139-with-mask_jpg.rf.pB7c0m5VB9XYnYv8XeF3.jpg,1,0
11_jpg.rf.uHBu94FhEGA8HgvALWSd.jpg,0,1
142_jpg.rf.4TBjJqXX37nfcoChQ7PJ.jpg,0,1
466_jpg.rf.tXYPuntAgES2g5PpAG8x.jpg,0,1
205-with-mask_jpg.rf.5Wr2ws3BVcxZns4Ja5UH.jpg,1,0
augmented_image_233_jpg.rf.ozmlf8lWver0MWpAcnqI.jpg,0,1
augmented_image_130_jpg.rf.4qbAbieZ7Ty8LsjylIr6.jpg,1,0
80_jpg.rf.oAAFCj8weNLWBsQATxD8.jpg,0,1
194-with-mask_jpg.rf.oh6PlDVtujlfQFmJfdTV.jpg,1,0
augmented_image_206_jpg.rf.5kynh4OxFxvLIjI5yow2.jpg,0,1
347_jpg.rf.pPntP3EK976vn8IhSYbF.jpg,0,1
222_jpg.rf.5Z8eTF5qHcJ2DPRrnHPa.jpg,0,1
augmented_image_100_jpg.rf.p7gHRrJKDwd238yUvxHf.jpg,0,1
179-with-mask_jpg.rf.tjkGfSnelSZt8INJXBiz.jpg,1,0
448_jpg.rf.pnkK94BTEaV0ZH5fQHfH.jpg,0,1
324-with-mask_jpg.rf.pVVADNbEtxlcexWtnOlX.jpg,1,0
481-with-mask_jpg.rf.psH4UdMYWChhzOTzBxzz.jpg,1,0
154_jpg.rf.5umPkraM14hogIQklM8G.jpg,0,1
augmented_image_153_jpg.rf.LKpFe9HUZ86FW8UzLD6z.jpg,1,0
284_jpg.rf.oZUe70IzrsRQ6rHFO4yE.jpg,0,1
355-with-mask_jpg.rf.L91TeiDsWFoe8MJtg1dt.jpg,1,0
444_jpg.rf.qB9xjfk6MkJfUJvNqP8Q.jpg,0,1
augmented_image_168_jpg.rf.LP4vJ2eOh4JbPkuj31Ip.jpg,1,0
augmented_image_72_jpg.rf.pyY7S4XfOMo2LruFrtZM.jpg,0,1
76_jpg.rf.Ljz82CM9O86DlDIb0O2A.jpg,0,1
339_jpg.rf.5ransVtWMNkADoQUJpEl.jpg,0,1
404_jpg.rf.L3YjlQGkgdOdtqGivqfd.jpg,0,1
190-with-mask_jpg.rf.q2dVDtZuR5H49HHV9kk8.jpg,1,0
440_jpg.rf.LWbOav0FQXwu5uPbowPj.jpg,0,1
252-with-mask_jpg.rf.q1AHPzaHSC6SFijjfmi3.jpg,1,0
augmented_image_101_jpg.rf.pDTdL9xvvYWV2APkakQl.jpg,0,1
31_jpg.rf.LJtXGGsKsm7NUcicnb5p.jpg,0,1
augmented_image_6_jpg.rf.qCLvz7zyX1oqLEC1CwYd.jpg,1,0
9-with-mask_jpg.rf.qppPGmiz3WULq9LA3EnX.jpg,1,0
augmented_image_163_jpg.rf.qJO48q2uZtLf2fsQldCF.jpg,1,0
augmented_image_235_jpg.rf.qKXucncINroFWrhjUBNO.jpg,0,1
augmented_image_237_jpg.rf.yQlp1XK7YreGOydDXbqb.jpg,1,0
augmented_image_257_jpg.rf.3a4sht88XyeG4Y4fhZlC.jpg,1,0
135-with-mask_jpg.rf.q6Zw5zQCeSK49IX6bQL3.jpg,1,0
augmented_image_41_jpg.rf.rIktfJm1EcZgsAw1gdm2.jpg,1,0
478-with-mask_jpg.rf.5VRuuj0QPsRGBnjuq0LM.jpg,1,0
augmented_image_7_jpg.rf.5mSrnIrNUk3zdzwHfZZS.jpg,0,1
187_jpg.rf.LbnBIKo0gwGiFW2VRRLx.jpg,0,1
127-with-mask_jpg.rf.qvzABdr6ZeNOWReUKK8f.jpg,1,0
augmented_image_251_jpg.rf.NFpMeQucObvH26epH0X9.jpg,1,0
370_jpg.rf.LhVt1q0NHbDCJ4jS8ueA.jpg,0,1
150-with-mask_jpg.rf.qS62X5gIIIO9P2WnbYWF.jpg,1,0
119-with-mask_jpg.rf.NX82McH23SLBS1oKc4Ir.jpg,1,0
266_jpg.rf.qdXfVlKZC9ozBMHhcP9V.jpg,0,1
augmented_image_254_jpg.rf.NmoOttI20reX24Y4qiW8.jpg,0,1
442_jpg.rf.r3ErRn6GY72vUtS1KYFB.jpg,0,1
augmented_image_137_jpg.rf.NH0CfTvzH2fo7VSYzbtY.jpg,1,0
302_jpg.rf.rVjz4TxJTPtlcq2U1dAq.jpg,0,1
augmented_image_245_jpg.rf.OTxAryfsjqDWWprpaDT5.jpg,0,1
augmented_image_56_jpg.rf.rQPXNuoE64UH6mCygAJN.jpg,0,1
436-with-mask_jpg.rf.ODipVV0YKGuPSirtPvZS.jpg,1,0
83_jpg.rf.Li9Q8zOOJBXvR0RW7L5G.jpg,0,1
427-with-mask_jpg.rf.OKvLEzpWGHwRPhsdrHgr.jpg,1,0
49_jpg.rf.OuXy188Gy3vHNQEH8BZ2.jpg,0,1
156_jpg.rf.rBMTQyoGg8fy25VeDyzv.jpg,0,1
151_jpg.rf.OjJdlyErnYNYrYXYvBT8.jpg,0,1
89-with-mask_jpg.rf.PDIFlFwRHfiW3KlfEYnk.jpg,1,0
augmented_image_269_jpg.rf.OhTH5zTpe5MtgG8xZ9k6.jpg,0,1
367_jpg.rf.PwvUa3T9Tp8yvxbrtn1b.jpg,0,1
469_jpg.rf.OtH2MJ0oyXCyOl8F8ZMW.jpg,0,1
318_jpg.rf.QwbmBSgKBzIg83gCRvvK.jpg,0,1
203-with-mask_jpg.rf.RJ6BQRdLjVk8S5IEXfXj.jpg,1,0
364_jpg.rf.QjLe30N4diGRHWdEhs1S.jpg,0,1
426-with-mask_jpg.rf.RC9JGULj3l8iLM71QJmL.jpg,1,0
augmented_image_77_jpg.rf.PdPb07FscH8a4m9bmURk.jpg,0,1
420-with-mask_jpg.rf.MwUec7pDcaibP0PtpGHa.jpg,1,0
246-with-mask_jpg.rf.OEmPZ3U5T3UYuo8RgIdG.jpg,1,0
39-with-mask_jpg.rf.RdOZSlU245uFERiyBq25.jpg,1,0
387-with-mask_jpg.rf.RFcXe23ZXyGMavzQqRUk.jpg,1,0
75-with-mask_jpg.rf.PINULjEXYFQxHofoCPAv.jpg,1,0
441-with-mask_jpg.rf.Rnc4MjCODCKMYXV04DkB.jpg,1,0
48_jpg.rf.RD6h0podPkwfJlT7tsRv.jpg,0,1
462-with-mask_jpg.rf.jERQGWBosBITbz5OTu1r.jpg,1,0
441_jpg.rf.RT29Ba9GBx3ziDegz2wL.jpg,0,1
augmented_image_270_jpg.rf.RLLhR7ychynwGYIdGgG8.jpg,1,0
117-with-mask_jpg.rf.QlEOrXIpFTIFDn33tTKj.jpg,1,0
466-with-mask_jpg.rf.QhydyBTn0FQgcXqVzN0V.jpg,1,0
pra2_jpg.rf.RlV0W6TyGIwgNlXVwNHa.jpg,1,0
augmented_image_125_jpg.rf.rb6Cgb6RvScQqRdGOxs0.jpg,1,0